2022-05-18 03:17:31,b'#Halalbihalal #GPKJombang #GPK #GerakanPemudaKakbah #PPP #PPPJombang #pemilu #pemilu2024 #jawatimur #jurnaljatim\xe2\x80\xa6 https://t.co/qygELvZ1TN'
2022-05-18 02:58:44,"b'RT @partaigeloraid: #Rilis | Partai Gelora Mulai Terima Berkas Verifikasi Parpol dari Daerah, DPW Kalsel yang Pertama Menyerahkan\nhttps://t\xe2\x80\xa6'"
2022-05-18 02:57:33,"b'#Rilis | Partai Gelora Mulai Terima Berkas Verifikasi Parpol dari Daerah, DPW Kalsel yang Pertama Menyerahkan\xe2\x80\xa6 https://t.co/EXJPDoKsDL'"
2022-05-18 01:06:00,b'Presiden ke-7 RI ternyata sudah mulai kemasi sebagian barang pribadi yang ada di Istana Jakarta dan Bogor.\xe2\x80\xa6 https://t.co/dt1VM8E3XX'
2022-05-17 13:44:01,b'Pembukaan kegiatan Rapat Kerja Teknis Pembinaan Penanganan Pelanggaran Pemilu 2024 yang diikuti oleh Bawaslu Provin\xe2\x80\xa6 https://t.co/5VxrP1Tgiy'
2022-05-17 13:16:22,"b'#BeritaJatim \nPanaskan Mesin Pemilu 2024, PDIP Targetkan Hattrick Kemenangan\n@PDI_Perjuangan \n#pdiperjuangan\xe2\x80\xa6 https://t.co/V9QVGcv9w3'"
2022-05-17 13:04:42,"b'#BeritaJatim \nSelain Hattrick, PDIP Incar Kursi Legislatif Tambahan Tingkat Kota Hingga Pusat\n@PDI_Perjuangan\xe2\x80\xa6 https://t.co/slfKNbAdnH'"
2022-05-17 12:58:28,b'RT @MasKumambangel: Tetep bersatu untuk memperkuat posisi bersama #pemilu2024 #capres2024 https://t.co/8hHQufklBt'
2022-05-17 12:55:48,"b'DPC Partai Perindo Sunggal giat konsolidasi dengan pengurus DPRt, matangkan persiapan hadapi verifikasi faktual KPU\xe2\x80\xa6 https://t.co/Ce0iU7fsat'"
2022-05-17 12:43:29,b'RT @MasKumambangel: Tetep bersatu untuk memperkuat posisi bersama #pemilu2024 #capres2024 https://t.co/8hHQufklBt'
2022-05-17 12:43:20,b'RT @MasKumambangel: Tetep bersatu untuk memperkuat posisi bersama #pemilu2024 #capres2024 https://t.co/8hHQufklBt'
2022-05-17 12:43:16,b'RT @MasKumambangel: Tetep bersatu untuk memperkuat posisi bersama #pemilu2024 #capres2024 https://t.co/8hHQufklBt'
2022-05-17 12:43:13,b'RT @MasKumambangel: Tetep bersatu untuk memperkuat posisi bersama #pemilu2024 #capres2024 https://t.co/8hHQufklBt'
2022-05-17 12:42:51,b'Tetep bersatu untuk memperkuat posisi bersama #pemilu2024 #capres2024 https://t.co/8hHQufklBt'
2022-05-17 10:11:30,b'Yuk simak postingan ini dan segera daftarkan diri \xf0\x9f\x98\x89\n\n\xe2\x80\x8b#BerkaryaKawalDemokrasi\n#MudaPeduliDemokrasi\xe2\x80\xa6 https://t.co/HWNjVVbBqA'
2022-05-17 09:31:00,"b'Rapat konsinyering Komisi II DPR bersama pemerintah, dan KPU, menetapkan jika masa kampanye pemilu 2024 akan lebih\xe2\x80\xa6 https://t.co/ZO5iWVl2bl'"
2022-05-17 09:16:57,b'#TemanPemilih #SedulurKPUBanyumas berikut ini #kilasmingguankpubanyumas 9 - 13 Mei 2022 https://t.co/ldTIZiwAwk\xe2\x80\xa6 https://t.co/Gi0rgxnQSM'
2022-05-17 08:51:19,b'RT @partaigeloraid: Serah terima berkas verifikasi Partai politik dari DPW Gelora Kalimantan Selatan ke Tim Verifikasi DPN Partai Gelora In\xe2\x80\xa6'
2022-05-17 08:11:14,b'RT @partaigeloraid: Serah terima berkas verifikasi Partai politik dari DPW Gelora Kalimantan Selatan ke Tim Verifikasi DPN Partai Gelora In\xe2\x80\xa6'
2022-05-17 07:50:24,b'RT @partaigeloraid: Serah terima berkas verifikasi Partai politik dari DPW Gelora Kalimantan Selatan ke Tim Verifikasi DPN Partai Gelora In\xe2\x80\xa6'
2022-05-17 07:48:52,b'RT @partaigeloraid: Serah terima berkas verifikasi Partai politik dari DPW Gelora Kalimantan Selatan ke Tim Verifikasi DPN Partai Gelora In\xe2\x80\xa6'
2022-05-17 07:31:51,b'RT @partaigeloraid: Serah terima berkas verifikasi Partai politik dari DPW Gelora Kalimantan Selatan ke Tim Verifikasi DPN Partai Gelora In\xe2\x80\xa6'
2022-05-17 07:27:04,b'Serah terima berkas verifikasi Partai politik dari DPW Gelora Kalimantan Selatan ke Tim Verifikasi DPN Partai Gelor\xe2\x80\xa6 https://t.co/xQsdGN3k60'
2022-05-17 06:34:22,"b'Hallo #temanpemilih Kota Serang,\n\nKPU Kota Serang melakukan Rapat Pleno Rutin membahas Program dan Kegiatan KPU Kot\xe2\x80\xa6 https://t.co/Oho162KeSD'"
2022-05-17 04:44:33,"b'RT @radarmasnetwork: Pengamat Politik Prediksi 3 Poros di Pilpres 2024 Beserta Calonnya, Ketat dan Kemungkinan Dua Putaran #Nasional #Pemil\xe2\x80\xa6'"
2022-05-17 04:29:31,"b'Pengamat Politik Prediksi 3 Poros di Pilpres 2024 Beserta Calonnya, Ketat dan Kemungkinan Dua Putaran #Nasional\xe2\x80\xa6 https://t.co/06r6i8hV9u'"
2022-05-17 03:07:52,"b'Gatot Nurmantyo Tolak Ajakan Gabung ke Partai Pelita, Ini Alasannya!\n\n#Nasional #BataviaTimes #gatotnurmantyo\xe2\x80\xa6 https://t.co/E2j82Gg3t5'"
2022-05-17 01:46:36,"b'Junimart Girsang: Hasil Konsinyering, Waktu Pemenuhan Logistik Pemilu 2024 Disepakati 90 Hari -\xe2\x80\xa6 https://t.co/rNizRGRg9J'"
2022-05-17 01:09:00,"b'Prediksi LIPI: KIB Bentukan Golkar, PPP, PAN Bakal Lawan PDIP - Gerindra yang Usung Prabowo - Puan\n \n#Pemilu2024\xe2\x80\xa6 https://t.co/WaRQECRmiT'"
2022-05-17 01:07:43,"b'Tingkat Kepuasan Publik pada Presiden Jokowi 78,3 Persen https://t.co/forfPkGvlk #Jokowi #presidenRI #berita\xe2\x80\xa6 https://t.co/ZSYqYMQ3aJ'"
2022-05-17 00:01:00,"b'Pemerintah, DPR, KPU dan Bawaslu telah menyepakati anggaran Pemilu 2024 sebesar sebesar Rp76,656 triliun. Keputusan\xe2\x80\xa6 https://t.co/oNqKvMH5ly'"
2022-05-16 14:22:06,"b'RT @Ricky_Tamba: Temu Kader Partai #Gerindra se- #Tangerang #Tangsel #TangerangRaya #Banten , #SufmiDasco Ahmad pimpin Deklarasi #2024Prabo\xe2\x80\xa6'"
2022-05-16 12:33:54,"b'Prediksi LIPI: KIB Bentukan Golkar, PPP, PAN Bakal Lawan PDIP - Gerindra yang Usung Prabowo - Puan\n \n#Pemilu2024\xe2\x80\xa6 https://t.co/07TWUIQInT'"
2022-05-16 11:30:51,"b'JAKARTA, https://t.co/sup7I89IRo\xc2\xa0- Pengamat Komunikasi Politik dari Universitas Pancasila, Gede Moenanto Soekowati,\xe2\x80\xa6 https://t.co/tjOk2Kh5Vn'"
2022-05-16 11:04:27,"b'RT @nusabalicom: Beri Dukungan Airlangga Jadi Capres, Ridwan Kamil: Balas Budi ke Golkar https://t.co/hTK8HDH9CJ\n\n#AirlanggaHartarto #Ridwa\xe2\x80\xa6'"
2022-05-16 10:55:17,"b'Beri Dukungan Airlangga Jadi Capres, Ridwan Kamil: Balas Budi ke Golkar https://t.co/hTK8HDH9CJ\n\n#AirlanggaHartarto\xe2\x80\xa6 https://t.co/hiBTFhhNMa'"
2022-05-16 10:26:22,"b'Ada kementerian \xe2\x80\x98rasa\xe2\x80\x99 parpol, Masinton: ya, seperti Partai BUMN\n\nhttps://t.co/DbGr6WHqBC\n\n#politisipdip #parpol\xe2\x80\xa6 https://t.co/NFTHubdcmF'"
2022-05-16 08:37:01,"b'RT @Ricky_Tamba: Temu Kader Partai #Gerindra se- #Tangerang #Tangsel #TangerangRaya #Banten , #SufmiDasco Ahmad pimpin Deklarasi #2024Prabo\xe2\x80\xa6'"
2022-05-16 08:28:39,"b'Temu Kader Partai #Gerindra se- #Tangerang #Tangsel #TangerangRaya #Banten , #SufmiDasco Ahmad pimpin Deklarasi\xe2\x80\xa6 https://t.co/ceF4cDMWbX'"
2022-05-16 08:11:38,"b'RT @Ricky_Tamba: Temu Kader Partai #Gerindra se- #Tangerang #Tangsel #TangerangRaya #Banten , #SufmiDasco Ahmad pimpin Deklarasi #2024Prabo\xe2\x80\xa6'"
2022-05-16 08:10:01,"b'Temu Kader Partai #Gerindra se- #Tangerang #Tangsel #TangerangRaya #Banten , #SufmiDasco Ahmad pimpin Deklarasi\xe2\x80\xa6 https://t.co/rxhvme1cHC'"
2022-05-16 04:07:40,b'Salam Awas. #SahabatBawaslu\n\nKeluarga Bawaslu Kuningan Mengucapkan selamat Hari Raya Waisak 2566 BE/2022.\n\nSemoga W\xe2\x80\xa6 https://t.co/tkU4E3Wjwj'
2022-05-16 03:51:55,b'Jadwal pemilu 2024 sudah ditetapkan\n#pemilu2024 https://t.co/9zL4FffHOp'
2022-05-16 03:19:39,"b'Anggaran Pemilu 2024, KPU Kaltara Tunggu Informasi Pusat\n\n#pemilu2024 #anggaranpemilu #politik #kpu #kaltara\xe2\x80\xa6 https://t.co/8ZdCGC38Db'"
2022-05-16 01:42:09,b'#TemanPemilih KPU Kabupaten Rembang mengucapkan Selamat Hari Raya Waisak bagi Umat Budha di seluruh Indonesia\xe2\x80\xa6 https://t.co/yThXqK136R'
2022-05-16 00:59:00,b'Pemilu 2024 belum menggunakan teknologi pemungutan suara dengan perangkat elektronik (e-voting) karena infrastruktu\xe2\x80\xa6 https://t.co/2r8FbwcSP9'
2022-05-15 23:36:03,b'RT @Gardabangsaa: Touring Garda Bangsa dan Terobosan Segar Kampanye Politik Kaum Muda\nArtikel Kandidat Doktor UNAIR Surabaya. Selamat menik\xe2\x80\xa6'
2022-05-15 15:37:51,"b'Lewat Wasbang, Titin Ajak Masyarakat Solidkan Gotong Royong Menuju 2024 #AgustinPoliana\xe2\x80\xa6 https://t.co/ESNboG7shQ'"
2022-05-15 15:30:03,b'KPU Purbalingga menggencarkan sosialisasi pemilu 2024 untuk pelajar di wilayah setempat. Sosialisasi menggunakan fi\xe2\x80\xa6 https://t.co/F3EnRRKplM'
2022-05-15 15:25:46,"b'RT @JDIHKPU_SULUT: Selamat malam #sobatjdihkpu. Berikut ini mimin posting #legalbasis seri 31: ""\xf0\x9d\x99\x8f\xf0\x9d\x99\xaa\xf0\x9d\x99\x9c\xf0\x9d\x99\x96\xf0\x9d\x99\xa8 \xf0\x9d\x99\x8b\xf0\x9d\x99\x96\xf0\x9d\x99\xa3\xf0\x9d\x99\xa9\xf0\x9d\x99\x96\xf0\x9d\x99\xa7\xf0\x9d\x99\xa1\xf0\x9d\x99\x9e\xf0\x9d\x99\x9d \xf0\x9d\x99\x99\xf0\x9d\x99\x96\xf0\x9d\x99\xa1\xf0\x9d\x99\x96\xf0\x9d\x99\xa2 \xf0\x9d\x99\x8b\xf0\x9d\x99\x9a\xf0\x9d\x99\xa2\xf0\x9d\x99\x9e\xf0\x9d\x99\xa1\xf0\x9d\x99\xaa"" \n\nSemoga berm\xe2\x80\xa6'"
2022-05-15 15:09:39,"b'DPR Sepakati Anggaran Pemilu 2024 Rp 76,6 T\n\nSelengkapnya Klik Tautan Berikut ini\n#Jakarta #DPR #Anggaranpemilu\xe2\x80\xa6 https://t.co/piXnMtpjPx'"
2022-05-15 13:28:00,b'Kader Gerindra Puji Langkah Airlangga Bangun Koalisi Indonesia Bersatu https://t.co/Huxqublrkq #AirlanggaHartarto\xe2\x80\xa6 https://t.co/PiiwcZ2BO7'
2022-05-15 13:12:37,"b'#BeritaJatim\nIni Tujuan Sebenarnya Partai Buruh Muncul Saat Aksi May Day, Mau Berpolitik?\n#partaiburuh \n#aksimayday\xe2\x80\xa6 https://t.co/lMvENxph7U'"
2022-05-15 07:00:00,b'Yasonna Tegaskan Parpol Peserta Pemilu Harus Terdaftar di Kemenkum HAM\n\nBaca selengkapnya disini\xe2\x80\xa6 https://t.co/u7Obe5gFsQ'
2022-05-15 06:39:45,b'Masa Kampanye Pemilu 2024 Dipotong Jadi 75 Hari https://t.co/KXsqEEPXWP lewat @spost.id \n\n#SPOSTid #Pemilu2024'
2022-05-15 02:27:24,"b'Qodari: Koalisi Golkar, PAN dan PPP Tinggal Tentukan Capres dan Cawapres #Pemilu2024 https://t.co/LfXClEfi61'"
2022-05-14 13:55:02,"b'Menhadapi pesta demokrasi 2024, Golkar, PAN dan PPP bersepakat bentuk Koalisi Indonesia Bersatu yang diyakini untuk\xe2\x80\xa6 https://t.co/x55JxlvZYw'"
2022-05-14 12:53:14,b'Manuver PDIP-Gerindra bakal goyang \xe2\x80\x98kantong suara\xe2\x80\x99 PKB di Tapal Kuda\n\nhttps://t.co/Tf202WCq0k\n\n#pdiperjuangan #pkb\xe2\x80\xa6 https://t.co/u6oOKJOLkm'
2022-05-14 12:39:54,b'Yuk sampaikan kritik dan saran kamu kepada Bawaslu dengan bergabung dalam Bawaslu Mendengar yang akan dilaksanakan\xe2\x80\xa6 https://t.co/reRkUSBzoy'
2022-05-14 09:32:02,"b'Poros \xe2\x80\x98Bertiga Bersatu\xe2\x80\x99, ambisi Golkar hadang langkah PDIP-Gerindra\n\nhttps://t.co/7R3POAWoy2\n\n#pdiperjuangan\xe2\x80\xa6 https://t.co/bOQD1ImywB'"
2022-05-14 09:30:02,b'Ratusan relawan di Ponorogo mendeklarasikan dukungan kepada Sandiaga Uno untuk maju Pilpres 2024. Mereka menamakan\xe2\x80\xa6 https://t.co/GFcCOyWbPU'
2022-05-14 07:34:10,b'Mari kita bersama-sama memperkuat persatuan untuk melanjutkan berbagai program pembangunan #KoalisiIndonesiaBersatu\xe2\x80\xa6 https://t.co/mC4efnWTMi'
2022-05-14 06:00:00,"b'Golkar, PPP dan PAN Sepakat Berkoalisi di Pemilu 2024\n\nBaca selengkapnya disini!\nhttps://t.co/G9SE7VD9l3\xe2\x80\xa6 https://t.co/CGUjfmCGta'"
2022-05-14 00:24:24,"b""Golkar 'Curi Start' Jelang Pemilu 2024 https://t.co/VGwV6x9G0d #PPP #PAN #Golkar #berita #nusabali #Pemilu2024\xe2\x80\xa6 https://t.co/Qq9TKP1XuN"""
2022-05-13 15:45:14,"b'Ketua umum Golkar, PAN dan PPP sepakat untuk berkoalisi dalam Indonesia Bersatu untuk menyambut Pemilu 2024 dengan\xe2\x80\xa6 https://t.co/yVw2p2PGq7'"
2022-05-13 15:28:07,"b'Golkar, PAN dan PPP sepakat untuk berkoalisi mengusung nama Indonesia Bersatu untuk menyongsong Pemilu 2024 mendata\xe2\x80\xa6 https://t.co/zI5Bac3ajK'"
2022-05-13 15:07:04,b'Mari kita bersama-sama memperkuat persatuan untuk melanjutkan berbagai program pembangunan #KoalisiIndonesiaBersatu\xe2\x80\xa6 https://t.co/PQ6YVnUp1e'
2022-05-13 14:25:02,"b'Partai Golkar, PPP, dan PAN resmi berkoalisi jelang Pemilu 2024. Koalisi yang diberi nama Indonesia Bersatu tersebu\xe2\x80\xa6 https://t.co/i4VBaYJ6Nu'"
2022-05-13 14:24:40,b'Mari kita bersama-sama memperkuat persatuan untuk melanjutkan berbagai program pembangunan #KoalisiIndonesiaBersatu\xe2\x80\xa6 https://t.co/pJ8qKpJ5qK'
2022-05-13 13:01:30,"b'Koalisi Golkar, PAN, dan PPP Bisa Usung Capres Sendiri https://t.co/8VDADCnj01 Koalisi ketiganya bisa memenuhi amba\xe2\x80\xa6 https://t.co/Kyr4YNmYVu'"
2022-05-13 09:31:42,b'Silaturahmi dan Sekaligus Koordinasi dgn Kajati Provinsi NTT perihal Persiapan Pemilu 2024.\n\n#BawasluNTT\xe2\x80\xa6 https://t.co/gdKbTyU0u6'
2022-05-13 08:36:08,"b'Klo #Pemilu2024 terbentuk 3 poros utk #Pilpres2024 dr pemilik kursi DPR RI 2019, kalian #pilihmana ?\n\nNama #Capres\xe2\x80\xa6 https://t.co/m5FDQLXMZI'"
2022-05-13 07:39:16,"b'Pengamat: Koalisi Golkar, PAN dan PPP, Lolos Presidential Threshold https://t.co/6s7HuWK7Dd pertemuan antara tiga k\xe2\x80\xa6 https://t.co/ffyKJaPVWJ'"
2022-05-13 04:54:07,"b'Tahun Depan, Dirancang Naik Rp 6.000 Per Suara https://t.co/4SOqIzRiPE #berita #nusabali #KPUJembrana #BawasluJembrana #Pemilu2024'"
2022-05-13 03:59:00,"b'Wakil Presiden Ma\xe2\x80\x99ruf Amin, mengingatkan para menteri-menterinya agar fokus bekerja dan tidak meninggalkan pekerjaa\xe2\x80\xa6 https://t.co/gTRiEWNgNK'"
2022-05-13 02:43:34,"b'Selamat atas terpilihnya Bapak Puadi, S.Pd., M.M. sebagai Anggota DKPP Ex Officio Bawaslu.\n\nSelamat bertugas dan se\xe2\x80\xa6 https://t.co/8eHbF7xJaT'"
2022-05-13 01:52:36,"b'Petinggi Golkar, PPP dan PAN Bertemu, Sepakat Koalisi untuk 2024\n\nSelengkapnya Klik Tautan Berikut ini\n#Jakarta\xe2\x80\xa6 https://t.co/mnkvOtSs4G'"
2022-05-12 17:39:38,"b'RT @fajaronline: Minta Presiden Berhentikan Menteri yang Kampanye Capres, Fahri Hamzah: Mereka Bangga, Padahal Kerja Tidak Becus https://t.\xe2\x80\xa6'"
2022-05-12 14:48:24,"b'Tiga Pimpinan Parpol Lakukan Pertemuan Rumah Heritage Sam Ratulangi, Bahas soal Pemilu 2024 https://t.co/Kov224lUpf\xe2\x80\xa6 https://t.co/xE4Ny9LzRU'"
2022-05-12 13:31:19,"b'RT @fajaronline: Minta Presiden Berhentikan Menteri yang Kampanye Capres, Fahri Hamzah: Mereka Bangga, Padahal Kerja Tidak Becus https://t.\xe2\x80\xa6'"
2022-05-12 12:21:19,"b'Minta Presiden Berhentikan Menteri yang Kampanye Capres, Fahri Hamzah: Mereka Bangga, Padahal Kerja Tidak Becus\xe2\x80\xa6 https://t.co/sjLCldsuX6'"
2022-05-12 09:08:44,b'Bawaslu Kabupaten Mahakam Ulu melakukan kunjungan sekaligus silaturami dan audiensi dengan Kesbangpol Kabupaten Mah\xe2\x80\xa6 https://t.co/FbMKS41Tn3'
2022-05-12 09:07:46,b'Bawaslu Kabupaten Mahakam Ulu melakukan kunjungan sekaligus silaturami dan audiensi dengan Pastor Paroki St.Petrus\xe2\x80\xa6 https://t.co/DJkTJVjnFQ'
2022-05-12 08:55:03,b'Menko Polhukam Mahfud MD mengungkapkan bahwa Komisi Pemilihan Umum rentan digugat oleh peserta pemilu.\xc2\xa0  Maka dari\xe2\x80\xa6 https://t.co/1I9dqadZ2O'
2022-05-12 07:22:04,b'Ketua dan Anggota Bawaslu Kota Padang Sidempuan menerima kunjungan koordinasi dari Kanit Politik Polres Kota Padang\xe2\x80\xa6 https://t.co/J8jSYNlH1K'
2022-05-12 06:05:16,"b'RT @kompascom: 17 gubernur berakhir masa jabatannya pada 2023, termasuk Ganjar dan Ridwan Kamil. &gt; #Gubernur #Pemilu2024 #JernihkanHarapan\xe2\x80\xa6'"
2022-05-12 06:03:17,"b'17 gubernur berakhir masa jabatannya pada 2023, termasuk Ganjar dan Ridwan Kamil. &gt; #Gubernur #Pemilu2024\xe2\x80\xa6 https://t.co/LMnVikZZiW'"
2022-05-12 05:57:00,"b'Tahapan Pemilu 2024 akan dimulai pada 14 Juni 2022. Menko Polhukam tegaskan, pemerintah siap dukung seluruh kebutuh\xe2\x80\xa6 https://t.co/Vxnaag9CdD'"
2022-05-12 05:40:42,b'Hai #sobatjdih  Berikut ini adalah struktur teknis tim JDIH KPU Kabupaten maros \n\n#KPUMelayani \n#pemilu2024\xe2\x80\xa6 https://t.co/00pF45QsQi'
2022-05-12 05:05:02,b'Ketua dan Komisioner KPU berkunjung ke kantor Menko Polhukan Mafud MD. KPU diminta untuk berhati-hati saat Pemilu 2\xe2\x80\xa6 https://t.co/eHUhdiZgcu'
2022-05-12 04:26:33,"b'#BeritaTerpopuler \nJelang Pemilu 2024, Mahfud MD: Hati-Hati\n@mohmahfudmd\n#Pemilu2024 #MahfudMD \n\nhttps://t.co/kHAdGN5blh'"
2022-05-12 03:12:01,b'pemerintah akan mempermudah keuangan dan fasilitas lainnya terkait penyelenggaraan Pemilu 2024\n\n#mahfudmd\xe2\x80\xa6 https://t.co/rTAfJXYYSL'
2022-05-12 03:10:58,b'Pertemuan KPU dan Menkopolhukam membahas kelancaran pemilu 2024\n\n#kpu #menkopolhukam #pemilu2024 https://t.co/s5smUVpz7H'
2022-05-12 03:07:17,b'Pemerintah pastikan perlancar keperluan Pemilu 2024\n\n#pemilu #pemilu2024 #pemerintah #pemerintahanindonesia\xe2\x80\xa6 https://t.co/7BStoVwb4w'
2022-05-12 03:07:08,b'Pemerintah pastikan perlancar keperluan Pemilu 2024\n\n#pemilu #pemilu2024 #pemerintah #pemerintahanindonesia\xe2\x80\xa6 https://t.co/ApFStNsVLq'
2022-05-12 03:07:02,b'Pemerintah pastikan perlancar keperluan Pemilu 2024\n\n#pemilu #pemilu2024 #pemerintah #pemerintahanindonesia\xe2\x80\xa6 https://t.co/sbrOcgRPtW'
2022-05-12 02:31:36,"b'Tahapan Pemilu 2024 Dimulai Sebulan Lagi, Mahfud MD Beri Peringatan: KPU Hati-hati, Anda Diawasi\n#Pemilu2024\xe2\x80\xa6 https://t.co/oAy0XgrBX4'"
2022-05-12 01:59:01,"b'Kesbangpol Buleleng Siapkan Banpol Rp 1,14 Miliar https://t.co/MFJX9007TF #DanaParpol #Pemilu2024 #berita #nusabali #PartaiPolitik'"
2022-05-12 01:10:17,"b'Topik Diskusi Pagi ini: Manuver Politik Para Menteri jelang Pemilu 2024, Etiskah?. Berikut pandangan Dir. Eksekutif\xe2\x80\xa6 https://t.co/7FSAancMK0'"
2022-05-12 00:30:42,"b'Topik Diskusi Pagi ini: Manuver Politik Para Menteri jelang Pemilu 2024, Etiskah?. Berikut pendapat wakil Ketua Kom\xe2\x80\xa6 https://t.co/UU4x0bZ42c'"
2022-05-12 00:10:12,"b'Topik Diskusi Pagi ini: Manuver Politik Para Menteri jelang Pemilu 2024, Etiskah?. Berikut pandangan Peneliti Senio\xe2\x80\xa6 https://t.co/1fSdUb7hWz'"
2022-05-11 19:31:02,b'Menko Polhukam Mahfud MD mengingatkan komisioner dan pegawai Komisi Pemilihan Umum (KPU) agar berhati-hati saat ber\xe2\x80\xa6 https://t.co/WhDYM97e5k'
2022-05-11 14:04:14,b'NasDem Berpeluang Dorong Anies Maju Pilpres sebagai Calon Tunggal https://t.co/ThIaYkMCw2 #AniesBaswedan #NasDem #PartaiNasDem #Pemilu2024'
2022-05-11 13:36:41,"b'Dengan Narasumber AKP Muhammad Hafid F (Kasat Reskrim Polres Kuningan), serta sebagai Pemantik Ondin Sutarman (Ketu\xe2\x80\xa6 https://t.co/3njwCc1zrP'"
2022-05-11 09:54:33,b'#Repost @amienraisofficial\n...\nSaksikan di Jak TV Petang ini! #pemilu2024 Ketum @partaiummatofficial\xe2\x80\xa6 https://t.co/5n5qI4h1g4'
2022-05-11 09:28:54,b'RT @KPUBanyumas: #TemanPemilih #SedulurKPUBanyumas Keluarga Besar KPU Banyumas telah berkomitmen mewujudkan Zona Integritas menuju #WBBK #W\xe2\x80\xa6'
2022-05-11 08:50:04,b'#TemanPemilih #SedulurKPUBanyumas Keluarga Besar KPU Banyumas telah berkomitmen mewujudkan Zona Integritas menuju\xe2\x80\xa6 https://t.co/7PQebr10kM'
2022-05-11 08:18:00,"b'Dosen ilmu politik Universitas Brawijaya menilai, tingkat kesukaan publik terhadap Erick dan Ganjar terlihat dalam\xe2\x80\xa6 https://t.co/DPYXecsnKZ'"
2022-05-11 06:58:41,b'dalam mensukseskan Pemilu dan Pemilihan serentak Tahun 2024.\n\n#salambawaslu\n#bawaslumengawasi\n#pemilu2024\xe2\x80\xa6 https://t.co/vIbpAROcPL'
2022-05-11 02:55:38,b'RT @Official_PAN: PAN siap sambut Pemilu 2024\n\nKader... Siap!\nPAN... Menang!\n\nPastiAdaHaraPAN\n\n#PAN #pemilu2024 https://t.co/BGy1VykzjP'
2022-05-10 18:37:28,b'RT @Official_PAN: PAN siap sambut Pemilu 2024\n\nKader... Siap!\nPAN... Menang!\n\nPastiAdaHaraPAN\n\n#PAN #pemilu2024 https://t.co/BGy1VykzjP'
2022-05-10 17:29:20,b'RT @Official_PAN: PAN siap sambut Pemilu 2024\n\nKader... Siap!\nPAN... Menang!\n\nPastiAdaHaraPAN\n\n#PAN #pemilu2024 https://t.co/BGy1VykzjP'
2022-05-10 15:16:59,b'RT @Official_PAN: PAN siap sambut Pemilu 2024\n\nKader... Siap!\nPAN... Menang!\n\nPastiAdaHaraPAN\n\n#PAN #pemilu2024 https://t.co/BGy1VykzjP'
2022-05-10 13:48:49,b'RT @Official_PAN: PAN siap sambut Pemilu 2024\n\nKader... Siap!\nPAN... Menang!\n\nPastiAdaHaraPAN\n\n#PAN #pemilu2024 https://t.co/BGy1VykzjP'
2022-05-10 13:29:29,b'RT @Official_PAN: PAN siap sambut Pemilu 2024\n\nKader... Siap!\nPAN... Menang!\n\nPastiAdaHaraPAN\n\n#PAN #pemilu2024 https://t.co/BGy1VykzjP'
2022-05-10 13:29:23,b'RT @Official_PAN: PAN siap sambut Pemilu 2024\n\nKader... Siap!\nPAN... Menang!\n\nPastiAdaHaraPAN\n\n#PAN #pemilu2024 https://t.co/BGy1VykzjP'
2022-05-10 13:29:09,b'RT @Official_PAN: PAN siap sambut Pemilu 2024\n\nKader... Siap!\nPAN... Menang!\n\nPastiAdaHaraPAN\n\n#PAN #pemilu2024 https://t.co/BGy1VykzjP'
2022-05-10 13:28:31,b'RT @Official_PAN: PAN siap sambut Pemilu 2024\n\nKader... Siap!\nPAN... Menang!\n\nPastiAdaHaraPAN\n\n#PAN #pemilu2024 https://t.co/BGy1VykzjP'
2022-05-10 13:28:11,b'PAN siap sambut Pemilu 2024\n\nKader... Siap!\nPAN... Menang!\n\nPastiAdaHaraPAN\n\n#PAN #pemilu2024 https://t.co/BGy1VykzjP'
2022-05-10 12:40:56,b'. \n\nPartai PRIMA gencar mengajak dan menyuarakan solidaritas persatuan bangsa dengan tidak melakukan polarisasi pad\xe2\x80\xa6 https://t.co/JG0RYrFlNJ'
2022-05-10 12:30:48,b'Komisi Pemilihan Umum (KPU) Provinsi Lampung kembali melakukan peremajaan data jumlah Daftar Pemilih Berkelanjutan\xe2\x80\xa6 https://t.co/yrcU8BOuHm'
2022-05-10 11:55:22,"b'Silaturahim ke Megawati, benarkah Jokowi mulai dukung Puan jadi \xe2\x80\x98Capres\xe2\x80\x99 PDIP? \n\nhttps://t.co/Oh2XuHN4BK\xe2\x80\xa6 https://t.co/QvCojqUMvL'"
2022-05-10 10:39:59,"b'Peluang di Pilpres 2024, Surya Vandiantara Sebut Puan Maharani Memiliki Peluang Besar https://t.co/7j86avdw57 #PDIP\xe2\x80\xa6 https://t.co/0UrZ7EMCDR'"
2022-05-10 10:39:28,"b'RT @Psi_meruyautara: Alasan pertama perlunya 3 pasang capres-cawapres, menurut PSI, yakni agar pesta demokrasi lebih meriah. Masyarakat, ka\xe2\x80\xa6'"
2022-05-10 09:56:01,b'Pimpinan Daerah Partai Kebangkitan Nusantara (PKN) Jawa Timur Kelana Aprilianto optimistis partainya akan lolos ver\xe2\x80\xa6 https://t.co/fMmUTmjb3p'
2022-05-10 09:49:04,b'Banyak yang menduga kepulangan kakak kandung penyanyi Krisdayanti ke Kota Batu sebagai persiapan maju dalam bursa p\xe2\x80\xa6 https://t.co/1cKLy4UWHv'
2022-05-10 09:18:49,"b'#SahabatBawaslu _ Yuk Pantau Countdown (hitung mundur) Pilkada 2024\nupdate : Selasa, 10 Mei 2022 \n\n#sahabatbawaslu\xe2\x80\xa6 https://t.co/Y4WNrpW9Cj'"
2022-05-10 07:27:38,"b'Hebat juga mesin buzzer nya organisasi dan PARPOL berbasis AGAMA, yang menekan kontennya Om #DeddyCorbuzier dan Rag\xe2\x80\xa6 https://t.co/AFtMyygt4X'"
2022-05-10 05:10:39,b'Serba SERIBU Rupiah ! \nLink : https://t.co/TQadwLmAzP \n#LGBT #cryptotrading #BamBam #Russia #pemilu2024 https://t.co/BqpYEEQ7ri'
2022-05-10 04:39:48,"b'Presiden Joko Widodo mengatakan, tahapan Pemilu 2024 akan dimulai pertengahan tahun ini meski pemungutan suara baru\xe2\x80\xa6 https://t.co/XaACbhLBMq'"
2022-05-10 04:03:03,"b'RT @PsiKembangan: Alasan pertama perlunya 3 pasang capres-cawapres, menurut PSI, yakni agar pesta demokrasi lebih meriah. Masyarakat, kata\xe2\x80\xa6'"
2022-05-10 03:46:54,"b'Alasan pertama perlunya 3 pasang capres-cawapres, menurut PSI, yakni agar pesta demokrasi lebih meriah. Masyarakat,\xe2\x80\xa6 https://t.co/KCLHYWXPcT'"
2022-05-10 03:46:38,"b'Alasan pertama perlunya 3 pasang capres-cawapres, menurut PSI, yakni agar pesta demokrasi lebih meriah. Masyarakat,\xe2\x80\xa6 https://t.co/QaN3IpO8vY'"
2022-05-10 03:46:25,"b'Alasan pertama perlunya 3 pasang capres-cawapres, menurut PSI, yakni agar pesta demokrasi lebih meriah. Masyarakat,\xe2\x80\xa6 https://t.co/1bfDFcvGac'"
2022-05-10 03:46:11,"b'Alasan pertama perlunya 3 pasang capres-cawapres, menurut PSI, yakni agar pesta demokrasi lebih meriah. Masyarakat,\xe2\x80\xa6 https://t.co/0ZmZLjA2C9'"
2022-05-10 03:46:00,"b'Alasan pertama perlunya 3 pasang capres-cawapres, menurut PSI, yakni agar pesta demokrasi lebih meriah. Masyarakat,\xe2\x80\xa6 https://t.co/qGyR4Itti8'"
2022-05-10 03:22:17,b'Presiden patuh kepada konstitusi\n\n#presidenjokowi #pemilu2024 #republikindonesia #KPU https://t.co/6NRwvnGOdw'
2022-05-10 03:20:59,b'Presiden patuh kepada konstitusi\n\n#presidenjokowi #pemilu2024 #republikindonesia #KPU https://t.co/QtrB2mw7EF'
2022-05-10 02:58:47,b'Pemilu 2024 siap dimulai pertengahan tahun ini\n#pemilu2024 #tahun2024 #capres2024 #pilkada2024 https://t.co/WG1JI7aiEU'
2022-05-10 02:57:53,b'Tahapan Pemilu 2024 akan di mulai pertengahan tahun ini.\n\n#pemilu2024 #KPU #presidenjokowi #republikindonesia https://t.co/b4hKjoDp9j'
2022-05-10 02:57:49,b'Pemilu 2024 siap dimulai pertengahan tahun ini\n#pemilu2024 #tahun2024 #capres2024 #pilkada2024 https://t.co/5p0XdQkTIp'
2022-05-10 02:53:59,b'@keuangannews_id Ideal buat pelaporan akumulasi hasil pemilu dengan dashboard digital realtime selain manual\xe2\x80\xa6 https://t.co/170UgzONhp'
2022-05-10 02:53:23,b'sudah pasti! 2024!\n\n#pemilu #pemilu2024 #pemilihanumum #presiden #14februari2024 #jokowi #jokowidodo https://t.co/p35otXdHfH'
2022-05-10 02:52:51,b'tahapan pemilu 2024 akan segera dimulai\n\n#pemilu #pemilu2024 #pemilihanumum #presiden #14februari2024 #jokowi\xe2\x80\xa6 https://t.co/CxJMpdtY5W'
