,text_clean
0,republikaid pemerintah tengah membaha pemekaran provinsi di papua bagaimana pengaruhnya terhadap pelaksanaan pem 
1,polri bakal lakukan pengamanan pemilu lebih awalselengkapnya klik tautan berikut inijakarta polri 
2,semar gianyar kawal pemenangan capr airlangga hartarto golkarbali berita nusabali 
3,di karangasem parpol diguyur rp juta berita nusabali 
4,primaorid gelar rakorna partai prima manfaatkan waktu lengkapi syarat peserta pemilu ulasan lengkapnya melalui l
5,kapolri jender listyo sigit prabowo menerima audiensi komisi pemilihan umum republik indonesia kpu ri di gedung 
6, penundaan pemilu bukan hal yang bisa dianggap mainmain mengenai hal ini sudah pasti rakyat sud 
7,primaorid gelar rakorna partai prima manfaatkan waktu lengkapi syarat peserta pemilu ulasan lengkapnya melalui l
8,kapolri jender listyo sigit prabowo menerima audiensi komisi pemilihan umum republik indonesia kpu ri di gedung 
9,beritajatimgus muhaimin siap bergabung dengan kib tetapi dengan syaratcakiminow muhaiminiskandar 
10,kpu kulon progo sudah mulai bergerak menyiapkan pemilu salah satu yang akan ditentukan adalah daerah pemiliha 
11,kpujateng kebetulan minlu dichat nih sama temanpemilih di whatsapp apa ya isi chatnya yuk kita cek disini 
12,kpujateng ayo kita sukseskan daftar pemilih berkelanjutan dengan turut aktif dalam melakukan perbaikan dan melaporkan kepada kpu ka
13,primaorid gelar rakorna partai prima manfaatkan waktu lengkapi syarat peserta pemilu ulasan lengkapnya melalui l
14,metrotv apa hal yang bisa menyadarkan alam bawah sadar kita bahwa perempuan juga bisa berkuasa saksikan superwomenmetrotv setiap
15,metrotv wah bagaimana ya kalau partai politik dipimpin oleh seorang wanitasaksikan superwomenmetrotv setiap hari kami pada ming
16,metrotv bagaimana agar women suppowomen bisa diterapkan di dunia politik indonesiasaksikan superwomenmetrotv setiap hari kami
17,primaorid gelar rakorna partai prima manfaatkan waktu lengkapi syarat peserta pemilu ulasan lengkapnya melalui l
18,primaorid gelar rakorna partai prima manfaatkan waktu lengkapi syarat peserta pemilu ulasan lengkapnya melalui l
19,primaorid gelar rakorna partai prima manfaatkan waktu lengkapi syarat peserta pemilu ulasan lengkapnya melalui l
20,primaorid gelar rakorna partai prima manfaatkan waktu lengkapi syarat peserta pemilu ulasan lengkapnya melalui l
21,bagaimana agar women suppowomen bisa diterapkan di dunia politik indonesiasaksikan superwomenmetrotv setiap 
22,wah bagaimana ya kalau partai politik dipimpin oleh seorang wanitasaksikan superwomenmetrotv setiap hari kami 
23,apa hal yang bisa menyadarkan alam bawah sadar kita bahwa perempuan juga bisa berkuasa saksikan 
24,primaorid gelar rakorna partai prima manfaatkan waktu lengkapi syarat peserta pemilu ulasan lengkapnya melalui l
25,primaorid gelar rakorna partai prima manfaatkan waktu lengkapi syarat peserta pemilu ulasan lengkapnya melalui l
26,primaorid gelar rakorna partai prima manfaatkan waktu lengkapi syarat peserta pemilu ulasan lengkapnya melalui l
27,primaorid gelar rakorna partai prima manfaatkan waktu lengkapi syarat peserta pemilu ulasan lengkapnya melalui l
28,gelar rakorna partai prima manfaatkan waktu lengkapi syarat peserta pemilu ulasan lengkapnya 
29,geografi kaltara tantangan pemilu politik kaltara infokaltara beritakaltara korankaltara 
30,sebagai wujud rasa syukur kedisiplinan dan semangat kerja bawaslu kabupaten hulu sungai selatan laksanakan apel p 
31,pemilu 
32,apel senin pagi bawaslu kabupaten kuantan singingi kegiatan tersebut diikuti oleh pimpinan dan seluruh staf sekret 
33,komisi pemilihan umum kpu akan menggunakan kotak suara kardus pada pemilihan umum pemilu dasco mengatakan 
34,partai kebangkitan bangsa pkb mulai menatap pemilihan presiden pilpr partai politik itu siap bergabung 
35,beritajateng trik sahabat ganjar masuk ke kalangan anak muda lihatganjarpranowosahabatganjarganjarpranowo 
36,kekuatan projo signyal untuk ganjar jokowi tapi ojo kesusuprojokowi ganjarpranowo 
37,conflict interest pengisian pejabat daerahselengkapnya di berkaryakawaldemokrasi 
38,metrotv tanggapan anda bagaimana caranya agar wanita tidak hanya dijadikan sekedar pelengkap saja saksikan superwomenmetrotv
39,tanggapan anda bagaimana caranya agar wanita tidak hanya dijadikan sekedar pelengkap saja saksikan 
40,sadarkah anda bahwa negaranegara yang berhasil overcom adalah negara yang justru dipimpin perempuansa 
41,kanalbali lewat lagu itu sbi ingin menyampaikan pesan kepada semua kader partaidemokrat agar total berjuang untuk rakyat ntt pi
42,lewat lagu itu sbi ingin menyampaikan pesan kepada semua kader partaidemokrat agar total berjuang untuk rakyat 
43,capr diharapkan lebih dari dua pasang berita nusabali capr 
44,ini pesan jokowi soal capr kepada relawan projobaca selengkapnya disini 
45,sosialisasi tata cara pengendalian gratifikasi di lingkungan kputemanpemilih rabu mei kpu kota pariaman 
46,jokowi minta jangan tergesagesa bicara calon presiden presiden jokowi berpesan agar jangan tergesagesa berb 
47,persiapan hadapi pemilu sbi turun gunungbaca selengkapnya disinimataindonesia 
48,indonaratorid satu warna dua bendera penentu kemenangan pemilu saksikan di offici youtub channel indonar 
49,berapa pent sih suara perempuan di pemilu nanti ellanuryamah 
50,ani baswedan sulit dikalahkan di pilpr ini faktanya lewat teropongmetro ani 
51,bawaslu kulon progo ingin agar setiap pelanggaran pemilu tidak hanya berhenti di gakkumdu jangan macammacam pada 
52,menurut anda bagaimana upaya yang tepat untuk meningkatkan kualita perempuan indonesiasaksikan 
53,apa yang bisa dilakukan agar perempuan juga mendapatkan keadilan di dunia politiksaksikan superwomenmetrotv set 
54,sebenarnya layakkah perempuan dibandingkan setara dengan lakilakisaksikan superwomenmetrotv setiap hari kami 
55,yuk simak perbincangan kami di podcast ini jangan lupa like comment dan subscrib tayang perdana pada sabtu 
56,partaigeloraid fahri hamzah koalisi itu jualan ide bukan jualan tiket saksikan selengkapnya di geloratv 
57,survei rendah partai golkar masih optimi golkar berita nusabali koalisi 
58,partaigeloraid fahri hamzah koalisi itu jualan ide bukan jualan tiket saksikan selengkapnya di geloratv 
59,partaigeloraid fahri hamzah koalisi itu jualan ide bukan jualan tiket saksikan selengkapnya di geloratv 
60,dpp inventarisasi mantan bupati kader senior sebut blunder berita nusabali golkarbali sugawakorri
61,partaigeloraid fahri hamzah koalisi itu jualan ide bukan jualan tiket saksikan selengkapnya di geloratv 
62,fahri hamzah koalisi itu jualan ide bukan jualan tiket saksikan selengkapnya di geloratv 
63,kpak meminta para elit partai politik tak mencemari pemilu dengan praktik korupsi begini alasannya 
64,komit independen sadar pemilu kisp mengucapkan selamat memperingati hari kebangkitan nasion mei mar 
65,banyak hal yang menjadi concern pembahasan khususnya tentang tekni penyampaian pelaporan penanganan pelanggaran 
66,wah siapa jagoan sobat vdvcvdvcnew aniesbaswedan ridwankamil 
67,kami terbuka ruang bagi siapapun kami sedang ikhtiar ujar ahi di lapangan desa karangpatihan kecamatan balong 
68,jdihkpumitra sobatjdihkpu jumat berkah mimin mau brbagi ilmu ap kalian uda tau perbedaan pejabat pj penjabat sementara pjs
69,jdihkpumitra sobatjdihkpu jumat berkah mimin mau brbagi ilmu ap kalian uda tau perbedaan pejabat pj penjabat sementara pjs
70,sobatjdihkpu jumat berkah mimin mau brbagi ilmu ap kalian uda tau perbedaan pejabat pj penjabat sementara 
71,sobatjdihkpu jumat berkah mimin mau brbagi ilmu ap kalian uda tau perbedaan pejabat pj penjabat sementara 
72,persiapan pemilu di kpu politik kaltara infokaltara beritakaltara korankaltara 
73,temanpemilih selamat hari kebangkitan nasion ke kpujateng kpumelayanikpurembang 
74,ketua dpr ri puan maharani menilai pencapaiannya saat ini merupakan kerja kera dan perjuangannya sendiri hasil ke 
75,temanpemilih kpu kabupaten bangkalan mengucapkan selamat hari kebangkitan nasion tahun 
76,gerindra karangasem tancap gas jelang pileg berita nusabali 
77,diselenggarakam pada hari jumat mei pukul wib selesai bertempat di aula sekretariat bawaslu kunin 
78,lalu bagaimana caranya yaitu dengan cara sosialisasi pencegahan dan pemberian sanksibawasluri bawaslujabar 
79,kami mei hukum seri persiapan penyelenggaraan pemilu dan pemilihan serentak tahun kembali 
80,partaigeloraid serah terima berka verifikasi partai politik dari dpw partai gelora kalimantan selatan saksikan selengkapnya di
81,hadir dari bawaslu bojonegoro koordin divisi penanganan pelanggaran dian widodo beserta staf bawaslu 
82,tantangan koalisi indonesia bersatu jika usung airlangga jadi capr gt indonesiabersatu 
83,beritabali di bali menkumham bilang banyak parpol potensi ganggu demokrasi duhmenkumhamyasonnalaoli 
84,kpumagetan temanpemilih pelayanan prima selalu diterapkan oleh kpu kabupaten magetan dalam pelayanan publik terkini kpu kabupaten
85,untuk itu bagja mengatakan bawaslu sangat terbuka jika ada partai politik yang ingin melakukan konsultasi pencegah 
86,di bali menkumham yasonna h laoli bilang banyak partai politik parpol berpotensi ganggu demokrasi duh 
87,siap menyongsong erick thohir menjadi presiden republik indonesia erickthohir gardaerickthohir menteribumn 
88,perwakilan petani padi jombang di acara konsolidasi jaringan erick thohir sejawa timur yang diselenggarakan di sur 
89,perwakilan pemilih pemula parekediri di acara konsolidasi jaringan erick thohir sejawa timur yang diselenggarakan 
90,perwakilan petani tebu nganjuk di acara konsolidasi jaringan erick thohir sejawa timur yang diselenggarakan di sur 
91,prabowo puan jadi kandidat capr cawapr natalius pigai perpaduan tepat jawa dan sumatera selatan 
92,ekoesnadi abuwara kalo kalian pengen sejajar dgn negara singapura kalian hrs bikin partai lalu rebut kekuasaan di indonesia secara
93,abuwara kalo kalian pengen sejajar dgn negara singapura kalian hrs bikin partai lalu rebut kekuasaan di indon 
94,merupakan tanggung jawab kita bersama untuk mensukseskan pemilu yang sehat beba korupsi dan berintegrita 
95,airlangga halal bihal golkar momen persiapkan kemenangan seluruh kader bisa meranca 
96,koransindo makassar edisi hari kami sindomedia sindomediasulawesi 
97,partaigeloraid serah terima berka verifikasi partai politik dari dpw partai gelora kalimantan selatan saksikan selengkapnya di
98,partaigeloraid serah terima berka verifikasi partai politik dari dpw partai gelora kalimantan selatan saksikan selengkapnya di
99,ketua kpu hasyim asyari mengaku tak bisa membiayai sewa gudang sebagai tempat penyimpanan kotak suara alumunium unt 
100,menjelang pemilu mendatang ketua psi dsu menyatakan diri untuk maju mencalonkan diri jadi bupati 
101,kpu pastikan kotak suara pemilu berbahan kardus 
102,partaigeloraid serah terima berka verifikasi partai politik dari dpw partai gelora kalimantan selatan saksikan selengkapnya di
103, serah terima berka verifikasi partai politik dari dpw partai gelora kalimantan selatan saksikan selengkapnya 
104,ketua bawaslu ri rahmat bagja berharap dalam pemilu nanti praktik politik uang dapat ditekan ia memastikan 
105,untuk itulah perlu kiranya seluruh perangkat bawaslu dari tingkat pusat sampai kabupaten ini perlu memiliki jiwa pe 
106,temanpemilih sedulurkpubanyuma yuk cek dan pastikan anda terdaftar sebagai pemilih melalui 
107,temanpemilih pelayanan prima selalu diterapkan oleh kpu kabupaten magetan dalam pelayanan publik terkini kpu ka 
108,sandiaga uno titip pesan untuk kpoper sambil main musik kolintang asal minahasadownloa 
109,kpu membebani rakyat kpu biayatinggi uangrakyat radhartribaskoro biayapemilu
110,ketua dpc ppp jombang ema ummiyatul chusna menyampaikan pihaknya siap membangun kolaborasi dalam memenangkan ppp 
111,rabu mei kehormatan bagi bawaslu kabupaten hulu sungai selatan mendapat kunjungan pertama kegiatan 
112,viralitasnew maskumambangel tetep bersatu untuk memperkuat posisi bersama 
113,dana pemilu capai kesepakatankuatbaca kuatbacacom media informasi politik ekonomi featur pemilu 
114,jubir prabowo buka suara soal rencana deklarasi capr prabowosubianto 
115,kpu tahapan pemilu dimulai juni kpu popularitascom
116,partai nasdem nyaman jika masuk koalisi indonesia bersatu golkar nasdem berita nusabali 
117,golkar bali incar mantan bupati berita nusabali golkar golkarbali
118,satu warna dua bendera penentu kemenangan pemilu saksikan di offici youtub channel indonarat 
119,disepakati kampani singkat hari untuk pemilu 
120,anggota bawaslu ri puadi mengunjungi sekretariat bawaslu provinsi ntb dalam rangka meninjau kesiapan jajaran bawa 
121,fix anggaran pemilu capai triliuninanew inanewstv beritaterkini berita beritavir 
122,pengamat nasdem diprediksi gabung koalisi indonesia bersatu nasion partaipolitik 
123,halalbih gpkjombang gpk gerakanpemudakakbah ppp pppjombang pemilu jawatimur jurnaljatim 
124,partaigeloraid rili partai gelora mulai terima berka verifikasi parpol dari daerah dpw kalsel yang pertama menyerahkan
125,rili partai gelora mulai terima berka verifikasi parpol dari daerah dpw kalsel yang pertama menyerahkan 
126,presiden ri ternyata sudah mulai kemasi sebagian barang pribadi yang ada di istana jakarta dan bogor 
127,pembukaan kegiatan rapat kerja tekni pembinaan penanganan pelanggaran pemilu yang diikuti oleh bawaslu provin 
128,beritajatim panaskan mesin pemilu pdip targetkan hattrick kemenanganpdiperjuangan pdiperjuangan 
129,beritajatim selain hattrick pdip incar kursi legislatif tambahan tingkat kota hingga pusatpdiperjuangan 
130,dpc partai perindo sunggal giat konsolidasi dengan pengurus dpmatangkan persiapan hadapi verifikasi faktual kpu 
131,yuk simak postingan ini dan segera daftarkan diri berkaryakawaldemokrasimudapedulidemokrasi 
132,rapat konsini komisi ii dpr bersama pemerintah dan kpu menetapkan jika masa kampani pemilu akan lebih 
133,temanpemilih sedulurkpubanyuma berikut ini kilasmingguankpubanyuma mei 
134,partaigeloraid serah terima berka verifikasi partai politik dari dpw gelora kalimantan selatan ke tim verifikasi dpn partai gelora
135,partaigeloraid serah terima berka verifikasi partai politik dari dpw gelora kalimantan selatan ke tim verifikasi dpn partai gelora
136,partaigeloraid serah terima berka verifikasi partai politik dari dpw gelora kalimantan selatan ke tim verifikasi dpn partai gelora
137,partaigeloraid serah terima berka verifikasi partai politik dari dpw gelora kalimantan selatan ke tim verifikasi dpn partai gelora
138,serah terima berka verifikasi partai politik dari dpw gelora kalimantan selatan ke tim verifikasi dpn partai gelor 
139,hallo temanpemilih kota serangkpu kota serang melakukan rapat pleno rutin membaha program dan kegiatan kpu kot 
140,radarmasnetwork pengamat politik prediksi poro di pilpr beserta calonnya ketat dan kemungkinan dua putaran nasion pemil
141,pengamat politik prediksi poro di pilpr beserta calonnya ketat dan kemungkinan dua putaran nasion 
142,gatot nurmantyo tolak ajakan gabung ke partai pelita ini alasannyanas bataviatim gatotnurmantyo 
143,junimagirsang hasil konsini waktu pemenuhan logistik pemilu disepakati hari 
144,prediksi lipi kib bentukan golkar ppp pan bakal lawan pdip gerindra yang usung prabowo puan 
145,tingkat kepuasan publik pada presiden jokowi persen jokowi presidenri berita 
146,pemerintah dpr kpu dan bawaslu telah menyepakati anggaran pemilu sebesar sebesar triliun keputusan 
147,rickytamba temu kader partai gerindra se tangerang tangsel tangerangraya banten sufmidasco ahmad pimpin deklarasi 
148,prediksi lipi kib bentukan golkar ppp pan bakal lawan pdip gerindra yang usung prabowo puan 
149,jakarta pengamat komunikasi politik dari universita pancasila gede moenanto soekowati 
150,beri dukungan airlangga jadi capr ridwan kamil bala budi ke golkar airlanggahartarto 
151,ada kementerian rasa parpol masinton ya seperti partai bumnpolitisipdip parpol 
152,rickytamba temu kader partai gerindra se tangerang tangsel tangerangraya banten sufmidasco ahmad pimpin deklarasi 
