Waktu,Tweet
5/24/2022 2:44,#RepublikaID Pemerintah tengah membahas pemekaran provinsi di Papua. Bagaimana pengaruhnya terhadap pelaksanaan Pem‚Ä¶ https://t.co/s7ZwN2bEf8
5/24/2022 2:24,"Polri Bakal Lakukan Pengamanan Pemilu Lebih Awal

Selengkapnya Klik Tautan Berikut ini
#Jakarta #Polri‚Ä¶ https://t.co/LD1EsdCZra"
5/24/2022 0:10,SemAR Gianyar ‚ÄòKawal‚Äô Pemenangan Capres Airlangga Hartarto https://t.co/8h3y8FamDd #GolkarBali #berita #nusabali‚Ä¶ https://t.co/HloV4MqJqZ
5/23/2022 23:55,"Di Karangasem, Parpol ‚ÄòDiguyur‚Äô Rp 802,79 Juta https://t.co/8d9uVPjAlq #Pemilu2024 #berita #nusabali‚Ä¶ https://t.co/epzCQVNVUP"
5/23/2022 17:12,"RT @prima_or_id: Gelar RAKORNAS Ke-2, Partai PRIMA Manfaatkan Waktu Lengkapi Syarat Peserta PEMILU 2024.

Simak ulasan lengkapnya melalui l‚Ä¶"
5/23/2022 15:01,Kapolri Jenderal Listyo Sigit Prabowo menerima audiensi Komisi Pemilihan Umum Republik Indonesia (KPU RI) di Gedung‚Ä¶ https://t.co/jS2iALJPVc
5/23/2022 14:55,"#Pemilu2024
Wacana penundaan pemilu bukan hal yang bisa dianggap main-main. Mengenai hal ini sudah pasti rakyat sud‚Ä¶ https://t.co/b9w9fZZq8d"
5/23/2022 14:40,"RT @prima_or_id: Gelar RAKORNAS Ke-2, Partai PRIMA Manfaatkan Waktu Lengkapi Syarat Peserta PEMILU 2024.

Simak ulasan lengkapnya melalui l‚Ä¶"
5/23/2022 14:19,Kapolri Jenderal Listyo Sigit Prabowo menerima audiensi Komisi Pemilihan Umum Republik Indonesia (KPU RI) di Gedung‚Ä¶ https://t.co/RRbHaVXxDo
5/23/2022 13:37,"#BeritaJatim
Gus Muhaimin Siap Bergabung dengan KIB, Tetapi dengan Syarat
@cakimiNOW 
#muhaiminiskandar‚Ä¶ https://t.co/UholixI7Uv"
5/23/2022 10:55,KPU Kulon Progo sudah mulai bergerak menyiapkan Pemilu 2024. Salah satu yang akan ditentukan adalah daerah pemiliha‚Ä¶ https://t.co/klEjxiFaGv
5/23/2022 9:46,"RT @KPU_Jateng: Kebetulan Minlu dichat nih sama #TemanPemilih di Whatsapp. Kira2 apa ya isi chatnya? 

Yuk kita cek disini 

https://t.co/5‚Ä¶"
5/23/2022 9:40,RT @KPU_Jateng: Ayo!! kita sukseskan Daftar Pemilih Berkelanjutan dengan turut aktif dalam melakukan perbaikan dan melaporkan kepada KPU Ka‚Ä¶
5/23/2022 8:04,"RT @prima_or_id: Gelar RAKORNAS Ke-2, Partai PRIMA Manfaatkan Waktu Lengkapi Syarat Peserta PEMILU 2024.

Simak ulasan lengkapnya melalui l‚Ä¶"
5/23/2022 7:44,"RT @Metro_TV: Apa hal yang bisa menyadarkan alam bawah sadar kita bahwa perempuan juga bisa berkuasa? 

Saksikan #SuperWomenMetroTV setiap‚Ä¶"
5/23/2022 7:44,"RT @Metro_TV: Wah, bagaimana ya kalau partai politik dipimpin oleh seorang wanita?

Saksikan #SuperWomenMetroTV setiap hari Kamis pada ming‚Ä¶"
5/23/2022 7:43,"RT @Metro_TV: Bagaimana agar women support women bisa diterapkan di dunia politik Indonesia?

Saksikan #SuperWomenMetroTV setiap hari Kamis‚Ä¶"
5/23/2022 7:28,"RT @prima_or_id: Gelar RAKORNAS Ke-2, Partai PRIMA Manfaatkan Waktu Lengkapi Syarat Peserta PEMILU 2024.

Simak ulasan lengkapnya melalui l‚Ä¶"
5/23/2022 6:04,"RT @prima_or_id: Gelar RAKORNAS Ke-2, Partai PRIMA Manfaatkan Waktu Lengkapi Syarat Peserta PEMILU 2024.

Simak ulasan lengkapnya melalui l‚Ä¶"
5/23/2022 6:03,"RT @prima_or_id: Gelar RAKORNAS Ke-2, Partai PRIMA Manfaatkan Waktu Lengkapi Syarat Peserta PEMILU 2024.

Simak ulasan lengkapnya melalui l‚Ä¶"
5/23/2022 6:01,"RT @prima_or_id: Gelar RAKORNAS Ke-2, Partai PRIMA Manfaatkan Waktu Lengkapi Syarat Peserta PEMILU 2024.

Simak ulasan lengkapnya melalui l‚Ä¶"
5/23/2022 6:00,"Bagaimana agar women support women bisa diterapkan di dunia politik Indonesia?

Saksikan #SuperWomenMetroTV setiap‚Ä¶ https://t.co/PnHGqkf5wb"
5/23/2022 5:59,"Wah, bagaimana ya kalau partai politik dipimpin oleh seorang wanita?

Saksikan #SuperWomenMetroTV setiap hari Kamis‚Ä¶ https://t.co/QAqDsSf3uv"
5/23/2022 5:58,"Apa hal yang bisa menyadarkan alam bawah sadar kita bahwa perempuan juga bisa berkuasa? 

Saksikan‚Ä¶ https://t.co/H9DlX2punr"
5/23/2022 5:41,"RT @prima_or_id: Gelar RAKORNAS Ke-2, Partai PRIMA Manfaatkan Waktu Lengkapi Syarat Peserta PEMILU 2024.

Simak ulasan lengkapnya melalui l‚Ä¶"
5/23/2022 5:40,"RT @prima_or_id: Gelar RAKORNAS Ke-2, Partai PRIMA Manfaatkan Waktu Lengkapi Syarat Peserta PEMILU 2024.

Simak ulasan lengkapnya melalui l‚Ä¶"
5/23/2022 4:20,"RT @prima_or_id: Gelar RAKORNAS Ke-2, Partai PRIMA Manfaatkan Waktu Lengkapi Syarat Peserta PEMILU 2024.

Simak ulasan lengkapnya melalui l‚Ä¶"
5/23/2022 4:20,"RT @prima_or_id: Gelar RAKORNAS Ke-2, Partai PRIMA Manfaatkan Waktu Lengkapi Syarat Peserta PEMILU 2024.

Simak ulasan lengkapnya melalui l‚Ä¶"
5/23/2022 4:19,"Gelar RAKORNAS Ke-2, Partai PRIMA Manfaatkan Waktu Lengkapi Syarat Peserta PEMILU 2024.

Simak ulasan lengkapnya me‚Ä¶ https://t.co/8RFzq5d9qx"
5/23/2022 2:51,"Geografis Kaltara Tantangan Pemilu 2024

#pemilu2024 #politik #kaltara #infokaltara #beritakaltara #korankaltara‚Ä¶ https://t.co/ruiDmt9f2R"
5/23/2022 2:35,"Sebagai wujud rasa syukur, kedisiplinan dan semangat kerja, Bawaslu Kabupaten Hulu Sungai Selatan laksanakan apel p‚Ä¶ https://t.co/4QdenGICq9"
5/23/2022 1:39,"Pemilu 2024 mendatang.

#BawasluBengkalils
#Pemilu2024"
5/23/2022 1:23,Apel Senin Pagi Bawaslu Kabupaten Kuantan Singingi. Kegiatan tersebut diikuti oleh Pimpinan dan seluruh staf sekret‚Ä¶ https://t.co/PTaXMytppT
5/23/2022 1:11,Komisi Pemilihan Umum (KPU) akan menggunakan kotak suara kardus pada pemilihan umum (Pemilu) 2024. Dasco mengatakan‚Ä¶ https://t.co/6OU7YIE4FO
5/22/2022 23:43,Partai Kebangkitan Bangsa (PKB) mulai menatap Pemilihan Presiden (Pilpres) 2024. Partai politik itu siap bergabung‚Ä¶ https://t.co/IEMqXIF3iZ
5/22/2022 15:12,"#BeritaJateng 
Trik Sahabat Ganjar Masuk ke Kalangan Anak Muda, Lihat
@ganjarpranowo
#sahabatganjar
#ganjarpranowo‚Ä¶ https://t.co/pg3yxS5doR"
5/22/2022 14:08,"Kekuatan Projo ‚Äòsignyal‚Äô untuk Ganjar, Jokowi: tapi, ojo kesusu

https://t.co/1ofyzg0OgX

#projokowi #ganjarpranowo‚Ä¶ https://t.co/sn5f8OsM8k"
5/22/2022 6:33,"Conflict of Interest Pengisian Pejabat Daerah

Selengkapnya di https://t.co/dqOTMN8ZHq

#BerkaryaKawalDemokrasi‚Ä¶ https://t.co/xh0wBhg1T6"
5/22/2022 4:56,"RT @Metro_TV: Tanggapan Anda, bagaimana caranya agar wanita tidak hanya dijadikan sekedar 'pelengkap' saja? 

Saksikan #SuperWomenMetroTV s‚Ä¶"
5/22/2022 4:47,"Tanggapan Anda, bagaimana caranya agar wanita tidak hanya dijadikan sekedar 'pelengkap' saja? 

Saksikan‚Ä¶ https://t.co/vlFEsCZv8p"
5/22/2022 4:46,"Sadarkah Anda bahwa negara-negara yang berhasil overcome covid-19 adalah negara yang justru dipimpin perempuan?

Sa‚Ä¶ https://t.co/3Urv9OIgSU"
5/22/2022 4:09,"RT @kanalbali: Lewat lagu itu #SBY ingin menyampaikan pesan kepada semua kader #PartaiDemokrat agar total berjuang untuk #rakyat. 
#NTT #Pi‚Ä¶"
5/22/2022 3:00,Lewat lagu itu #SBY ingin menyampaikan pesan kepada semua kader #PartaiDemokrat agar total berjuang untuk #rakyat.‚Ä¶ https://t.co/NdTWbY1FeF
5/22/2022 1:30,Capres Diharapkan Lebih dari Dua Pasang https://t.co/qojUDJtbfz #Pemilu2024 #berita #nusabali #Capres #Pilpres2024‚Ä¶ https://t.co/gdGgfR3gB3
5/21/2022 20:00,"Ini Pesan Jokowi Soal Capres 2024 kepada Relawan Projo

Baca selengkapnya disini
https://t.co/czdMhiKUFD‚Ä¶ https://t.co/Iwt3bamz3t"
5/21/2022 17:21,"Sosialisasi Tata Cara Pengendalian Gratifikasi di Lingkungan KPU

#TemanPemilih, Rabu 11 Mei 2022 KPU Kota Pariaman‚Ä¶ https://t.co/qd0lepqz0u"
5/21/2022 15:14,Jokowi Minta Jangan Tergesa-gesa Bicara Calon Presiden 2024: Presiden Jokowi berpesan agar jangan tergesa-gesa berb‚Ä¶ https://t.co/VR2qUbtmCa
5/21/2022 15:00,"Persiapan Hadapi Pemilu 2024, SBY Turun Gunung

Baca selengkapnya disini
https://t.co/gqeYNcJVmo

#MataIndonesia‚Ä¶ https://t.co/4SOyhEdnDH"
5/21/2022 13:18,"RT @indonarator_id: Satu Warna Dua Bendera Penentu Kemenangan Pemilu 2024?

Selengkapnya saksikan di Official Youtube Channel IndoNarator :‚Ä¶"
5/21/2022 8:22,Berapa penting sih suara perempuan di pemilu nanti? @ellanuryamah_ #pemilu2024
5/21/2022 7:59,"Anies Baswedan Sulit Dikalahkan di Pilpres 2024, Ini Faktanya https://t.co/nrwUaAts8C lewat @Teropongmetro #Anies‚Ä¶ https://t.co/4fAwYMtykv"
5/21/2022 6:20,Bawaslu Kulon Progo ingin agar setiap pelanggaran pemilu tidak hanya berhenti di Gakkumdu. Jangan macam-macam pada‚Ä¶ https://t.co/KL92WJdb8c
5/21/2022 5:08,"Menurut Anda, bagaimana upaya yang tepat untuk meningkatkan kualitas perempuan Indonesia?

Saksikan‚Ä¶ https://t.co/4cZvZJ01za"
5/21/2022 5:07,"Apa yang bisa dilakukan agar perempuan juga mendapatkan keadilan di dunia politik?

Saksikan #SuperWomenMetroTV set‚Ä¶ https://t.co/w0cNG5ITLR"
5/21/2022 5:07,"Sebenarnya, layakkah perempuan dibandingkan setara dengan laki-laki?

Saksikan #SuperWomenMetroTV setiap hari Kamis‚Ä¶ https://t.co/oLJz8B6Jey"
5/21/2022 4:55,"Yuk simak perbincangan kami di Podcast ini, jangan lupa like, comment dan subscribe!. 

Tayang Perdana pada Sabtu (‚Ä¶ https://t.co/wDGaxFTkOc"
5/21/2022 3:56,"RT @partaigeloraid: Fahri Hamzah: Koalisi Itu Jualan Ide, Bukan Jualan Tiket 

‚ÜòÔ∏è Saksikan selengkapnya di #GeloraTV 
https://t.co/cOkItbGi‚Ä¶"
5/21/2022 1:48,"Survei Rendah, Partai Golkar Masih Optimis https://t.co/OcPz6mygTB #Golkar #berita #nusabali #Koalisi #Pilpres2024‚Ä¶ https://t.co/JqNVa4Zg0L"
5/21/2022 1:24,"RT @partaigeloraid: Fahri Hamzah: Koalisi Itu Jualan Ide, Bukan Jualan Tiket 

‚ÜòÔ∏è Saksikan selengkapnya di #GeloraTV 
https://t.co/cOkItbGi‚Ä¶"
5/21/2022 1:03,"RT @partaigeloraid: Fahri Hamzah: Koalisi Itu Jualan Ide, Bukan Jualan Tiket 

‚ÜòÔ∏è Saksikan selengkapnya di #GeloraTV 
https://t.co/cOkItbGi‚Ä¶"
5/21/2022 0:58,"DPP Inventarisasi Mantan Bupati, Kader Senior Sebut Blunder https://t.co/WHziN4HM0G #berita #nusabali #GolkarBali #Pemilu2024 #SugawaKorry"
5/21/2022 0:33,"RT @partaigeloraid: Fahri Hamzah: Koalisi Itu Jualan Ide, Bukan Jualan Tiket 

‚ÜòÔ∏è Saksikan selengkapnya di #GeloraTV 
https://t.co/cOkItbGi‚Ä¶"
5/21/2022 0:28,"Fahri Hamzah: Koalisi Itu Jualan Ide, Bukan Jualan Tiket 

‚ÜòÔ∏è Saksikan selengkapnya di #GeloraTV‚Ä¶ https://t.co/s5ANvbrSZL"
5/20/2022 13:48,"KPAK meminta para elite partai politik tak mencemari Pemilu 2024 dengan praktik korupsi, begini alasannya.‚Ä¶ https://t.co/qUihS9hX5y"
5/20/2022 10:58,"Komite Independen Sadar Pemilu (KISP) mengucapkan Selamat Memperingati Hari Kebangkitan Nasional 20 Mei 2022.

‚ÄúMar‚Ä¶ https://t.co/IyUpe6RAjV"
5/20/2022 8:34,"Banyak hal yang menjadi concern pembahasan, khususnya tentang teknis penyampaian pelaporan penanganan pelanggaran.‚Ä¶ https://t.co/PbTvNpYDTn"
5/20/2022 6:51,"Wah siapa jagoan Sobat VDVC?

#VDVCNews #AniesBaswedan #RidwanKamil #Pilpres2024 #Pemilu2024"
5/20/2022 6:13,"""Kami terbuka ruang bagi siapapun. Kami sedang ikhtiar,"" ujar AHY di lapangan Desa Karangpatihan, Kecamatan Balong,‚Ä¶ https://t.co/DxDLisJPeP"
5/20/2022 5:17,"RT @JDIHKPU_MITRA: #sobatJDIHKPU Jum'at berkah in mimin mau brbagi ilmu, ap kalian uda tau perbedaan Pejabat (Pj), Penjabat Sementara (PJs)‚Ä¶"
5/20/2022 5:17,"RT @JDIHKPU_MITRA: #sobatJDIHKPU Jum'at berkah in mimin mau brbagi ilmu, ap kalian uda tau perbedaan Pejabat (Pj), Penjabat Sementara (PJs)‚Ä¶"
5/20/2022 3:42,"#sobatJDIHKPU Jum'at berkah in mimin mau brbagi ilmu, ap kalian uda tau perbedaan Pejabat (Pj), Penjabat Sementara‚Ä¶ https://t.co/YXUjfcmaJF"
5/20/2022 3:42,"#sobatJDIHKPU Jum'at berkah in mimin mau brbagi ilmu, ap kalian uda tau perbedaan Pejabat (Pj), Penjabat Sementara‚Ä¶ https://t.co/APBljCXyMh"
5/20/2022 2:25,"Persiapan Pemilu 2024 di Kaltara

#pemilu2024 #kpu #politik #kaltara #infokaltara #beritakaltara #korankaltara‚Ä¶ https://t.co/ciVcprULFe"
5/20/2022 1:39,"#TemanPemilih Selamat Hari Kebangkitan Nasional ke 114

@KPU_ID @KPU_Jateng 

#pemilu2024 
#KPUmelayani
#kpurembang https://t.co/ge0EkK3xJ8"
5/20/2022 1:30,Ketua DPR RI Puan Maharani menilai pencapaiannya saat ini merupakan kerja keras dan perjuangannya sendiri. Hasil ke‚Ä¶ https://t.co/JPwgbEAwK6
5/20/2022 1:11,"#TemanPemilih KPU Kabupaten Bangkalan mengucapkan Selamat Hari Kebangkitan Nasional Tahun 2022
#pemilu2024 https://t.co/C1irlgBwg1"
5/20/2022 0:11,Gerindra Karangasem Tancap Gas Jelang Pileg 2024 https://t.co/T02jMz75qI #Pileg2024 #berita #nusabali #Pemilu2024‚Ä¶ https://t.co/hySJaIXsoL
5/19/2022 14:57,"Diselenggarakam pada hari Jumat, 20 Mei 2022 Pukul 09.00 WIB - selesai. Bertempat di Aula Sekretariat Bawaslu Kunin‚Ä¶ https://t.co/dC6bBW8UPs"
5/19/2022 10:52,"Lalu bagaimana caranya yaitu dengan cara sosialisasi, pencegahan dan pemberian sanksi.

@bawaslu_RI 
@bawaslu_jabar‚Ä¶ https://t.co/NGHEbv139B"
5/19/2022 9:57,"Kamis, 19 Mei 2022
Diskusi hukum series Persiapan Penyelenggaraan Pemilu dan Pemilihan Serentak Tahun 2024 kembali‚Ä¶ https://t.co/woZL0MgrKP"
5/19/2022 8:54,"RT @partaigeloraid: üé• Serah terima berkas verifikasi partai politik dari DPW Partai Gelora Kalimantan Selatan

‚ÜòÔ∏è Saksikan selengkapnya di‚Ä¶"
5/19/2022 8:06,"Hadir dari Bawaslu Bojonegoro Koordinator Divisi Penanganan Pelanggaran Dian Widodo beserta Staf. 

#bawaslu‚Ä¶ https://t.co/qgLRretSvG"
5/19/2022 7:02,Tantangan koalisi Indonesia Bersatu jika usung Airlangga jadi Capres 2024. &gt; #Pemilu2024 #IndonesiaBersatu‚Ä¶ https://t.co/wDkGQLYm0F
5/19/2022 6:25,"#BeritaBali 
Di Bali Menkumham Bilang Banyak Parpol Potensi Ganggu Demokrasi, Duh
#menkumhamyasonnalaoly‚Ä¶ https://t.co/gHBmocC0eL"
5/19/2022 5:24,"RT @kpu_magetan: #Temanpemilih, Pelayanan prima selalu diterapkan oleh KPU Kabupaten Magetan dalam pelayanan publik. Terkini, KPU Kabupaten‚Ä¶"
5/19/2022 4:47,"Untuk itu, Bagja mengatakan Bawaslu sangat terbuka jika ada partai politik yang ingin melakukan konsultasi pencegah‚Ä¶ https://t.co/nG6GIdSNDm"
5/19/2022 2:55,"Di Bali Menkumham Yasonna H. Laoly bilang banyak partai politik (Parpol) berpotensi ganggu demokrasi, Duh‚Ä¶ https://t.co/X9349utNR4"
5/19/2022 2:53,Siap menyongsong Erick Thohir menjadi Presiden Republik Indonesia 2024! #erickthohir #gardaerickthohir #menteribumn‚Ä¶ https://t.co/aDkAiFCScc
5/19/2022 2:52,Perwakilan Petani Padi Jombang di acara Konsolidasi Jaringan Erick Thohir se-Jawa Timur yang diselenggarakan di Sur‚Ä¶ https://t.co/6Bag7UCCqr
5/19/2022 2:51,Perwakilan Pemilih Pemula Pare-Kediri di acara Konsolidasi Jaringan Erick Thohir se-Jawa Timur yang diselenggarakan‚Ä¶ https://t.co/nIk5innLpQ
5/19/2022 2:48,Perwakilan Petani Tebu Nganjuk di acara Konsolidasi Jaringan Erick Thohir se-Jawa Timur yang diselenggarakan di Sur‚Ä¶ https://t.co/8NRYWn10u3
5/19/2022 2:40,"Prabowo Puan Jadi Kandidat Capres Cawapres, Natalius Pigai: Perpaduan Tepat Jawa dan Sumatera Selatan‚Ä¶ https://t.co/b8ip5GJJiu"
5/19/2022 1:20,"RT @ekoesnadi: @abu_waras Kalo kalian pengen sejajar dgn Negara Singapura, kalian hrs bikin partai lalu rebut kekuasaan di Indonesia secara‚Ä¶"
5/19/2022 1:13,"@abu_waras Kalo kalian pengen sejajar dgn Negara Singapura, kalian hrs bikin partai lalu rebut kekuasaan di Indones‚Ä¶ https://t.co/122Gq8Zqvt"
5/18/2022 23:35,"Merupakan tanggung jawab kita bersama untuk mensukseskan Pemilu 2024 yang sehat, bebas korupsi dan berintegritas.‚Ä¶ https://t.co/HFMFhBr4dn"
5/18/2022 21:04,Airlangga: Halal Bihalal Golkar Momen Persiapkan Kemenangan 2024 https://t.co/EwBV2iuedv seluruh kader bisa meranca‚Ä¶ https://t.co/qmCkZYKBH5
5/18/2022 17:14,"KoranSINDO Makassar edisi 5760
terbit hari Kamis 19/05/2022

#SINDOmakassar #SINDOmedia #SINDOmediaSulawesi‚Ä¶ https://t.co/mKoVfDtgJH"
5/18/2022 15:40,"RT @partaigeloraid: üé• Serah terima berkas verifikasi partai politik dari DPW Partai Gelora Kalimantan Selatan

‚ÜòÔ∏è Saksikan selengkapnya di‚Ä¶"
5/18/2022 15:19,"RT @partaigeloraid: üé• Serah terima berkas verifikasi partai politik dari DPW Partai Gelora Kalimantan Selatan

‚ÜòÔ∏è Saksikan selengkapnya di‚Ä¶"
5/18/2022 15:02,Ketua KPU Hasyim Asyari mengaku tak bisa membiayai sewa gudang sebagai tempat penyimpanan kotak suara alumunium unt‚Ä¶ https://t.co/tEQAH7vqKl
5/18/2022 15:00,"Menjelang Pemilu 2024 mendatang, Ketua PSI DSU menyatakan diri untuk maju mencalonkan diri jadi bupati  #pemilu2024 https://t.co/FSFcPmCXwU"
5/18/2022 14:29,KPU Pastikan Kotak Suara Pemilu 2024 Berbahan Kardus https://t.co/mc4gicMinQ #pemilu2024
5/18/2022 14:05,"RT @partaigeloraid: üé• Serah terima berkas verifikasi partai politik dari DPW Partai Gelora Kalimantan Selatan

‚ÜòÔ∏è Saksikan selengkapnya di‚Ä¶"
5/18/2022 13:58,"üé• Serah terima berkas verifikasi partai politik dari DPW Partai Gelora Kalimantan Selatan

‚ÜòÔ∏è Saksikan selengkapnya‚Ä¶ https://t.co/Pr66LskT96"
5/18/2022 13:01,"Ketua Bawaslu RI Rahmat Bagja berharap, dalam Pemilu 2024 nanti, praktik politik uang dapat ditekan. Ia memastikan‚Ä¶ https://t.co/Frs3n4MtN8"
5/18/2022 11:38,Untuk itulah perlu kiranya seluruh perangkat Bawaslu dari tingkat pusat sampai kabupaten ini perlu memiliki jiwa pe‚Ä¶ https://t.co/4EH8saURqS
5/18/2022 11:32,#TemanPemilih #SedulurKPUBanyumas yuk CEK dan PASTIKAN Anda terdaftar sebagai Pemilih melalui‚Ä¶ https://t.co/uEhPpAYanT
5/18/2022 11:24,"#Temanpemilih, Pelayanan prima selalu diterapkan oleh KPU Kabupaten Magetan dalam pelayanan publik. Terkini, KPU Ka‚Ä¶ https://t.co/YaNlbWTcna"
5/18/2022 10:01,"Sandiaga Uno Titip Pesan untuk K-Popers Sambil Main Musik Kolintang Asal Minahasa

https://t.co/wWMcCRk7Dl

Downloa‚Ä¶ https://t.co/zuHMsiBoDl"
5/18/2022 9:18,"KPU Membebani Rakyat https://t.co/AChH20S7Dp

#kpu #pemilu2024 #biayatinggi #uangrakyat #radhartribaskoro #biayapemilu"
5/18/2022 8:53,"Ketua DPC PPP Jombang, Ema Ummiyatul Chusna menyampaikan, pihaknya siap membangun kolaborasi dalam memenangkan PPP‚Ä¶ https://t.co/8S2D1lDxdz"
5/18/2022 8:36,"Rabu, 18 Mei 2022

Suatu kehormatan bagi Bawaslu Kabupaten Hulu Sungai Selatan mendapat kunjungan pertama kegiatan‚Ä¶ https://t.co/f3PO1haNXd"
5/18/2022 7:54,viralitasnews: RT @MasKumambangel: Tetep bersatu untuk memperkuat posisi bersama #pemilu2024 #capres2024 https://t.co/osHTLITmx3
5/18/2022 7:45,"Dana Pemilu Capai Kesepakatan!
.
#kuatbaca #kuatbacacom #media #informasi #politik #ekonomi #featured #pemilu‚Ä¶ https://t.co/nFDXQj7goi"
5/18/2022 7:27,Jubir Prabowo Buka Suara Soal Rencana Deklarasi Capres https://t.co/UhGgIye0xf #Pemilu2024 #PrabowoSubianto‚Ä¶ https://t.co/MnvtLJ7yFi
5/18/2022 7:17,"KPU: Tahapan Pemilu 2024 dimulai 14 Juni 2022

 #kpu #Pemilu2024 #popularitascom
https://t.co/FByX6zuwnw"
5/18/2022 6:34,Partai Nasdem Nyaman Jika Masuk Koalisi Indonesia Bersatu https://t.co/Y80RGDjQ5a #Golkar #Nasdem #berita #nusabali‚Ä¶ https://t.co/sSzc3uOPCZ
5/18/2022 6:22,Golkar Bali Incar Mantan Bupati https://t.co/Kl8HHqIiBy #berita #nusabali #Golkar #Pemilu2024 #GolkarBali
5/18/2022 5:28,"Satu Warna Dua Bendera Penentu Kemenangan Pemilu 2024?

Selengkapnya saksikan di Official Youtube Channel IndoNarat‚Ä¶ https://t.co/SvO7SJjPQd"
5/18/2022 5:19,"Disepakati, kampanye singkat ‚Äô75 hari‚Äô untuk Pemilu 2024

https://t.co/ocBSOk0fwP

#pemilu2024 #kampanyepemilu2024‚Ä¶ https://t.co/0Zc7zBZ2Qt"
5/18/2022 4:07,"Anggota Bawaslu RI, Puadi, mengunjungi sekretariat Bawaslu Provinsi NTB dalam rangka meninjau kesiapan jajaran Bawa‚Ä¶ https://t.co/wSGJtuHzlr"
5/18/2022 4:05,"Fix! Anggaran Pemilu 2024 Capai Rp76 Triliun?

#inanews #inanewstv #beritaterkini #berita #beritaviral #2022‚Ä¶ https://t.co/0HvFdiGOld"
5/18/2022 3:52,Pengamat: Nasdem Diprediksi Gabung Koalisi Indonesia Bersatu #Nasional #PartaiPolitik #Pemilu2024 #Pilpres2024‚Ä¶ https://t.co/klZNDcjPUz
5/18/2022 3:17,#Halalbihalal #GPKJombang #GPK #GerakanPemudaKakbah #PPP #PPPJombang #pemilu #pemilu2024 #jawatimur #jurnaljatim‚Ä¶ https://t.co/qygELvZ1TN
5/18/2022 2:58,"RT @partaigeloraid: #Rilis | Partai Gelora Mulai Terima Berkas Verifikasi Parpol dari Daerah, DPW Kalsel yang Pertama Menyerahkan
https://t‚Ä¶"
5/18/2022 2:57,"#Rilis | Partai Gelora Mulai Terima Berkas Verifikasi Parpol dari Daerah, DPW Kalsel yang Pertama Menyerahkan‚Ä¶ https://t.co/EXJPDoKsDL"
5/18/2022 1:06,Presiden ke-7 RI ternyata sudah mulai kemasi sebagian barang pribadi yang ada di Istana Jakarta dan Bogor.‚Ä¶ https://t.co/dt1VM8E3XX
5/17/2022 13:44,Pembukaan kegiatan Rapat Kerja Teknis Pembinaan Penanganan Pelanggaran Pemilu 2024 yang diikuti oleh Bawaslu Provin‚Ä¶ https://t.co/5VxrP1Tgiy
5/17/2022 13:16,"#BeritaJatim 
Panaskan Mesin Pemilu 2024, PDIP Targetkan Hattrick Kemenangan
@PDI_Perjuangan 
#pdiperjuangan‚Ä¶ https://t.co/V9QVGcv9w3"
5/17/2022 13:04,"#BeritaJatim 
Selain Hattrick, PDIP Incar Kursi Legislatif Tambahan Tingkat Kota Hingga Pusat
@PDI_Perjuangan‚Ä¶ https://t.co/slfKNbAdnH"
5/17/2022 12:55,"DPC Partai Perindo Sunggal giat konsolidasi dengan pengurus DPRt, matangkan persiapan hadapi verifikasi faktual KPU‚Ä¶ https://t.co/Ce0iU7fsat"
5/17/2022 10:11,"Yuk simak postingan ini dan segera daftarkan diri üòâ

‚Äã#BerkaryaKawalDemokrasi
#MudaPeduliDemokrasi‚Ä¶ https://t.co/HWNjVVbBqA"
5/17/2022 9:31,"Rapat konsinyering Komisi II DPR bersama pemerintah, dan KPU, menetapkan jika masa kampanye pemilu 2024 akan lebih‚Ä¶ https://t.co/ZO5iWVl2bl"
5/17/2022 9:16,#TemanPemilih #SedulurKPUBanyumas berikut ini #kilasmingguankpubanyumas 9 - 13 Mei 2022 https://t.co/ldTIZiwAwk‚Ä¶ https://t.co/Gi0rgxnQSM
5/17/2022 8:51,RT @partaigeloraid: Serah terima berkas verifikasi Partai politik dari DPW Gelora Kalimantan Selatan ke Tim Verifikasi DPN Partai Gelora In‚Ä¶
5/17/2022 8:11,RT @partaigeloraid: Serah terima berkas verifikasi Partai politik dari DPW Gelora Kalimantan Selatan ke Tim Verifikasi DPN Partai Gelora In‚Ä¶
5/17/2022 7:50,RT @partaigeloraid: Serah terima berkas verifikasi Partai politik dari DPW Gelora Kalimantan Selatan ke Tim Verifikasi DPN Partai Gelora In‚Ä¶
5/17/2022 7:48,RT @partaigeloraid: Serah terima berkas verifikasi Partai politik dari DPW Gelora Kalimantan Selatan ke Tim Verifikasi DPN Partai Gelora In‚Ä¶
5/17/2022 7:27,Serah terima berkas verifikasi Partai politik dari DPW Gelora Kalimantan Selatan ke Tim Verifikasi DPN Partai Gelor‚Ä¶ https://t.co/xQsdGN3k60
5/17/2022 6:34,"Hallo #temanpemilih Kota Serang,

KPU Kota Serang melakukan Rapat Pleno Rutin membahas Program dan Kegiatan KPU Kot‚Ä¶ https://t.co/Oho162KeSD"
5/17/2022 4:44,"RT @radarmasnetwork: Pengamat Politik Prediksi 3 Poros di Pilpres 2024 Beserta Calonnya, Ketat dan Kemungkinan Dua Putaran #Nasional #Pemil‚Ä¶"
5/17/2022 4:29,"Pengamat Politik Prediksi 3 Poros di Pilpres 2024 Beserta Calonnya, Ketat dan Kemungkinan Dua Putaran #Nasional‚Ä¶ https://t.co/06r6i8hV9u"
5/17/2022 3:07,"Gatot Nurmantyo Tolak Ajakan Gabung ke Partai Pelita, Ini Alasannya!

#Nasional #BataviaTimes #gatotnurmantyo‚Ä¶ https://t.co/E2j82Gg3t5"
5/17/2022 1:46,"Junimart Girsang: Hasil Konsinyering, Waktu Pemenuhan Logistik Pemilu 2024 Disepakati 90 Hari -‚Ä¶ https://t.co/rNizRGRg9J"
5/17/2022 1:09,"Prediksi LIPI: KIB Bentukan Golkar, PPP, PAN Bakal Lawan PDIP - Gerindra yang Usung Prabowo - Puan
 
#Pemilu2024‚Ä¶ https://t.co/WaRQECRmiT"
5/17/2022 1:07,"Tingkat Kepuasan Publik pada Presiden Jokowi 78,3 Persen https://t.co/forfPkGvlk #Jokowi #presidenRI #berita‚Ä¶ https://t.co/ZSYqYMQ3aJ"
5/17/2022 0:01,"Pemerintah, DPR, KPU dan Bawaslu telah menyepakati anggaran Pemilu 2024 sebesar sebesar Rp76,656 triliun. Keputusan‚Ä¶ https://t.co/oNqKvMH5ly"
5/16/2022 14:22,"RT @Ricky_Tamba: Temu Kader Partai #Gerindra se- #Tangerang #Tangsel #TangerangRaya #Banten , #SufmiDasco Ahmad pimpin Deklarasi #2024Prabo‚Ä¶"
5/16/2022 12:33,"Prediksi LIPI: KIB Bentukan Golkar, PPP, PAN Bakal Lawan PDIP - Gerindra yang Usung Prabowo - Puan
 
#Pemilu2024‚Ä¶ https://t.co/07TWUIQInT"
5/16/2022 11:30,"JAKARTA, https://t.co/sup7I89IRo¬†- Pengamat Komunikasi Politik dari Universitas Pancasila, Gede Moenanto Soekowati,‚Ä¶ https://t.co/tjOk2Kh5Vn"
5/16/2022 10:55,"Beri Dukungan Airlangga Jadi Capres, Ridwan Kamil: Balas Budi ke Golkar https://t.co/hTK8HDH9CJ

#AirlanggaHartarto‚Ä¶ https://t.co/hiBTFhhNMa"
5/16/2022 10:26,"Ada kementerian ‚Äòrasa‚Äô parpol, Masinton: ya, seperti Partai BUMN

https://t.co/DbGr6WHqBC

#politisipdip #parpol‚Ä¶ https://t.co/NFTHubdcmF"
5/16/2022 8:37,"RT @Ricky_Tamba: Temu Kader Partai #Gerindra se- #Tangerang #Tangsel #TangerangRaya #Banten , #SufmiDasco Ahmad pimpin Deklarasi #2024Prabo‚Ä¶"
