Date,Tweet
5/27/2022 3:30,"RT @RonRonkmfa: #FreedomIsntFree
It has to be
- earned
- fought for
- died for
- protected
Please appreciate &amp; thank those who sacrifice mu‚Ä¶"
5/27/2022 3:27,"RT @CattleDog22: @fordnation But has Toronto lawyer with an invite arrested becuz he didn't want her there.
#censorship
#racism
#sexism
#Di‚Ä¶"
5/27/2022 3:23,I'm old enough to remember that #BlackLivesMatter - including in #Chicago:  https://t.co/E2Xn2XtCsy #BLM? #Uvalde‚Ä¶ https://t.co/YdU4S6AjMn
5/27/2022 3:18,Police stop and search Britain's top police chief SIX times https://t.co/MaiKakThu5 via @MailOnline #racism #uk
5/27/2022 3:17,RT @deAdder: Thoughts and prayers.  #shooting #Buffalo #BuffaloStrong #racism https://t.co/3xANJtRYnf
5/27/2022 3:14,#Racism remains rife towards Chinese-Australians (and many non-white Australians) because it is systemic &amp; deep in‚Ä¶ https://t.co/QNM1DEDE5a
5/27/2022 3:05,"Our free event is tomorrow! Friday May 27
Environmental #Discrimination - A Global Problem
- join women from around‚Ä¶ https://t.co/91Hnqz5ykK"
5/27/2022 3:02,"RT @YankBVI: Welcome to Florida, welcome to Martin County's ""A""rated schools, Hidden Oaks Middle School, Palm City. Watermelon and Zebra le‚Ä¶"
5/27/2022 3:01,RT @deAdder: Thoughts and prayers.  #shooting #Buffalo #BuffaloStrong #racism https://t.co/3xANJtRYnf
5/27/2022 2:56,"RT @Capt_Tukali: TRUTH ABOUT KOMAGATA MARU, CANADA

THE IMMIGRATION OFFICERS WHO DENIED ENTRY TO THE SICK SIKHS DID THE RIGHT THING

JUSTIN‚Ä¶"
5/27/2022 2:55,RT @TheUnKaren: @lew1184 @elizabethbetsyr @Pups4Truth @BentArmPose @oceanfront133 @headrush67 @GreatOhio @GitmoIs @RonDehlin @PrdAmerican10‚Ä¶
5/27/2022 2:52,Racism in #Australia - Violence against aboriginal Australians | DW Docum... https://t.co/6JySrcbFgk via @YouTube‚Ä¶ https://t.co/Zr7XnxEmDI
5/27/2022 2:51,RT @CinskJanne: @punkitt3n @TheSGTJoker the ugly classism &amp; racism &amp; therefore negligence &amp; most of all the grift of TX is about to be expo‚Ä¶
5/27/2022 2:50,#Medicalintuitive #healer @CSCarrigan interviews #selfconfidence #coach @kimberlylcarte2 about how #racism affects‚Ä¶ https://t.co/n9EkM06FT3
5/27/2022 2:50,#Medicalintuitive #healer @CSCarrigan interviews #selfconfidence #coach @kimberlylcarte2 about how #racism affects‚Ä¶ https://t.co/Lofv8iDLkS
5/27/2022 2:50,#Medicalintuitive #healer @CSCarrigan interviews #selfconfidence #coach @kimberlylcarte2 about how #racism affects‚Ä¶ https://t.co/GNZ8kkPY6Z
5/27/2022 2:48,@SYLSBC @QasimRashid @4lisaguerrero Someone who lives there posted today. Her story was distressing. ‚ÄúThere is no‚Ä¶ https://t.co/1w68w1l4vy
5/27/2022 2:46,RT @thischairrocks: A society that doesn't value its older members doesn't value the people who work with us either. Because of #ageism and‚Ä¶
5/27/2022 2:44,"RT @npquarterly: In response to white supremacist terror, anti-racist whites must generate horror not only at mass shootings, but at all th‚Ä¶"
5/27/2022 2:43,Exactly #racism #UvaldeMassacre https://t.co/pjStt1vNs1
5/27/2022 2:38,RT @chinascio: Commentary: @SecBlinken continued the practice of the Pompeo era of trying to separate the Chinese government from the Chine‚Ä¶
5/27/2022 2:38,"üî¥‚ö´Ô∏èüü¢PEACE , BALANCE &amp; HARMONY
WITHOUT THE TRAUMA OF AMERICAN WHITE RACISM, BRUTALITY, MURDER, BIAS, LEWDNESS, HATE‚Ä¶ https://t.co/rZrYBdDOQi"
5/27/2022 2:31,Commentary: @SecBlinken continued the practice of the Pompeo era of trying to separate the Chinese government from‚Ä¶ https://t.co/EeszBRFisE
5/27/2022 2:31,"A heartbreaking portrayal of the bravery of @DrDennar &amp; others fighting #racism in medicine.

A Black Doctor Tried‚Ä¶ https://t.co/wWo1FbNiyx"
5/27/2022 2:27,"RT @RonRonkmfa: #FreedomIsntFree
It has to be
- earned
- fought for
- died for
- protected
Please appreciate &amp; thank those who sacrifice mu‚Ä¶"
5/27/2022 2:27,"RT @CaroleNovielli: Pro-abortion vandals attack a Black congregation. Where is outcry? 

Graffiti included messages like ‚ÄúGirls just want t‚Ä¶"
5/27/2022 2:21,"RT @TravellerRacism: This is the original al @pontins Traveller/Romany surname blacklist, one of which is my own. Racist policies that are‚Ä¶"
5/27/2022 2:18,"RT @WeRAilurophiles: @izzysick101 @81stinfbde @CNeffect @pergolaman 
Hate,greed,and ignorance mark the bloody road to Armageddon and #RACIS‚Ä¶"
5/27/2022 2:18,@punkitt3n @TheSGTJoker the ugly classism &amp; racism &amp; therefore negligence &amp; most of all the grift of TX is about to‚Ä¶ https://t.co/WOgBq5h01K
5/27/2022 2:18,Joe Symon has changed his name yet again in attempt to hide from his past. He is no longer using screen name‚Ä¶ https://t.co/lDOLLZ8MhT
5/27/2022 2:16,@CNN @cnnbrk @donlemon @DonLemonTonight @Lawrence @TheLastWord the ugly classism &amp; racism &amp; therefore negligence &amp;‚Ä¶ https://t.co/8damwW883N
5/27/2022 2:14,"RT @TravellerRacism: This is the original al @pontins Traveller/Romany surname blacklist, one of which is my own. Racist policies that are‚Ä¶"
5/27/2022 2:08,"RT @ShamjiAdil: 3/4 
‚û°Ô∏è bring in new laws to protect faith institutions from violence and intimidation 
‚û°Ô∏è create a new Cabinet Minister de‚Ä¶"
5/27/2022 2:04,https://t.co/EtE6iGKh5p here is a neo-Nazi once again bashing @hasanthehun for telling the truth f white people the‚Ä¶ https://t.co/o2irB6P5M6
5/27/2022 1:59,‚ÄúOne of the thorniest aspects of today‚Äôs race debate is that we have come to apply that word to a spread of phenome‚Ä¶ https://t.co/fhOK0euIkk
5/27/2022 1:55,"@JesseKellyDC As long as they don‚Äôt celebrate white kids or anything having to do with white heritage, because thos‚Ä¶ https://t.co/O9E7BBNuJd"
5/27/2022 1:52,"RT @TravellerRacism: This is the original al @pontins Traveller/Romany surname blacklist, one of which is my own. Racist policies that are‚Ä¶"
5/27/2022 1:52,"RT @alcotex6688: All Americans are created equal,but some are more equal than others.

#HumanRightsViolations
#USA #BLM #Racism
#Whitesupre‚Ä¶"
5/27/2022 1:51,"RT @alcotex6688: All Americans are created equal,but some are more equal than others.

#HumanRightsViolations
#USA #BLM #Racism
#Whitesupre‚Ä¶"
5/27/2022 1:51,"RT @alcotex6688: All Americans are created equal,but some are more equal than others.

#HumanRightsViolations
#USA #BLM #Racism
#Whitesupre‚Ä¶"
5/27/2022 1:51,"RT @alcotex6688: All Americans are created equal,but some are more equal than others.

#HumanRightsViolations
#USA #BLM #Racism
#Whitesupre‚Ä¶"
5/27/2022 1:51,"All Americans are created equal,but some are more equal than others.

#HumanRightsViolations
#USA #BLM #Racism
#Whitesupremacy"
5/27/2022 1:49,"RT @TravellerRacism: This is the original al @pontins Traveller/Romany surname blacklist, one of which is my own. Racist policies that are‚Ä¶"
5/27/2022 1:42,RT @DiversityMusing: What we think racism looks like in the hiring process... and what it actually looks like. Racism occurs at each decisi‚Ä¶
5/27/2022 1:40,"And the #RadicalRightwingGOP , who won't let teachers talk about #racism, somehow think that teachers should be exp‚Ä¶ https://t.co/3qMrm0YgEC"
5/27/2022 1:39,RT @STVASTG: The security guard who died trying to stop the white supremacist who murdered those people at TOPS is named Aaron Salter Jr. B‚Ä¶
5/27/2022 1:38,RT @cwilli72691: @NarroVictor @CaliCre8ive @JonnyPeltz @RickCarusoLA #racism they know exactly what there doing and #Shame on @RickCarusoLA‚Ä¶
5/27/2022 1:34,@NarroVictor @CaliCre8ive @JonnyPeltz @RickCarusoLA #racism they know exactly what there doing and #Shame on‚Ä¶ https://t.co/oWBjrz8t0B
5/27/2022 1:33,RT @CRights101: @Area72ENT @MISenDems @drlisadcook @USAO_WDMI @dsleyton @MI_LBC @MichiganDems @MIHouseDems @SenateDems @GovWhitmer @AP_Poli‚Ä¶
5/27/2022 1:31,"Have been trying to explain to some people why the n-word is bad, even when it's only being used as a description.‚Ä¶ https://t.co/2bkuZXd4kx"
5/27/2022 1:31,"hey #America fwiw you can hate someone without bringing their #Race / #Ethnicity / #Nationality into things

#Stop‚Ä¶ https://t.co/2zBU1VnJxU"
5/27/2022 1:25,"#Racism is an insidious disease - it needs to be addressed!
- Carol Petterson
 @Reconcil_WA‚Ä¶ https://t.co/VcozlzIrZl"
5/27/2022 1:25,RT @RacialHealthEq: Check out this blog and video about the special collection of papers from the COVID TaskForce on Racism &amp; Equity that a‚Ä¶
5/27/2022 1:25,.@GOP doesn't think teachers can be trusted to teach about #racism + #gendereqality but somehow they can take down‚Ä¶ https://t.co/OxaQRJnyVM
5/27/2022 1:17,"For the white Americans who have the privilege &amp; right to vote in #Texas &amp; across the US, stop &amp; think abt your fel‚Ä¶ https://t.co/q8YBO9EX8m"
5/27/2022 1:16,"White folks, it's up to you and me to do something about racism in this country. Thoughts and prayers aren't enough‚Ä¶ https://t.co/M1vAxgXgCM"
5/27/2022 1:15,"@JohnstoneJordan @profamirattaran #WTF is üíØ correct, Jordan. 

It‚Äôs like the #pandemic is rapidly exposing‚Ä¶ https://t.co/8IxHhpgBEu"
5/27/2022 1:09,"White woman tells Black NBA player he is 'not American' (video) - Rolling Out https://t.co/3zOh5RTz03, #NBA,‚Ä¶ https://t.co/vM4M7MwiQH"
5/27/2022 1:09,We haven't lost the war on #racism and we're not gonna lose the war on stopping cops from doing violent drills in o‚Ä¶ https://t.co/Uel40JzjA7
5/27/2022 1:06,Full story https://t.co/wlHfqHV829 üü™üü™#conservative #domesticterrorism #equality #hood #joebiden #kellyanneconway‚Ä¶ https://t.co/eJR3KfsI9e
5/27/2022 1:00,Download the @YWCACleveland Women of Achievement program booküëâ https://t.co/kxBpCiWtfw to learn about 2022 Honorees‚Ä¶ https://t.co/yfwxLCHT57
5/27/2022 0:56,RT @STVASTG: The security guard who died trying to stop the white supremacist who murdered those people at TOPS is named Aaron Salter Jr. B‚Ä¶
5/27/2022 0:56,"3/4 
‚û°Ô∏è bring in new laws to protect faith institutions from violence and intimidation 
‚û°Ô∏è create a new Cabinet Min‚Ä¶ https://t.co/wQBqHkOnhQ"
5/27/2022 0:56,RT @STVASTG: The security guard who died trying to stop the white supremacist who murdered those people at TOPS is named Aaron Salter Jr. B‚Ä¶
5/27/2022 0:51,"RT @politcal2022: @happyoye True, but #Casteism is worst form of #racism 

Casteism starts before birth and continues till generations.‚Ä¶"
5/27/2022 0:50,#Medicalintuitive #healer @CSCarrigan interviews @TJRicks_TSP about how #racism affects your health:‚Ä¶ https://t.co/d6FzhkqHvt
5/27/2022 0:50,#Medicalintuitive #healer @CSCarrigan interviews @TJRicks_TSP about how #racism affects your health:‚Ä¶ https://t.co/L0sFxINWJj
5/27/2022 0:50,#Medicalintuitive #healer @CSCarrigan interviews @TJRicks_TSP about how #racism affects your health:‚Ä¶ https://t.co/FdJiGymvlV
5/27/2022 0:48,"Something to think about: Police stopped good but failed to stop evil, same way they stop black people but let whit‚Ä¶ https://t.co/dq05qmEmrk"
5/27/2022 0:46,"@donwinslow Poor Latino neighbourhood, why bother rushing? #racism"
5/27/2022 0:46,"RT @npquarterly: In response to white supremacist terror, anti-racist whites must generate horror not only at mass shootings, but at all th‚Ä¶"
5/27/2022 0:44,"The #LNP love putting divisive #bullies in charge.
#Dutton #Morrison 
Here @MehreenFaruqi shows why it's harmful.‚Ä¶ https://t.co/6dY0ZIfTJd"
5/27/2022 0:44,Full story https://t.co/QTWSek1tGp üü™üü™#conservative #domesticterrorism #donaldtrump #equality #hood #joebiden‚Ä¶ https://t.co/G3DI67Irpo
5/27/2022 0:43,RT @SolNataMD: Information fatigue is real. The brain can only handle so much before it becomes numb üëâüèª#Covid #LongCovid #War #RoeVWade #Wo‚Ä¶
5/27/2022 0:42,I will continue to expose this racially motivated system. Fire all white politicians. The police need to be investi‚Ä¶ https://t.co/BGY12dPY1L
5/27/2022 0:37,"So, when the next in the endless series of mass shootings happens, as it is certain to, our national attention goes‚Ä¶ https://t.co/CCs5k5yxMg"
5/27/2022 0:33,RT @DiversityMusing: What we think racism looks like in the hiring process... and what it actually looks like. Racism occurs at each decisi‚Ä¶
5/27/2022 0:32,"will #legalization take effect 4 #minorities that want 2 grow a plant in their own home, or is it going primarily 2‚Ä¶ https://t.co/goXyORcw8i"
5/27/2022 0:32,"TRUTH! #ThursdayThoughts #racism #polarization
 https://t.co/fV00D7tVJI"
5/27/2022 0:25,"#repost @iamamazinglucas 

#bullying #racism #schoolshootings #uvaldetexas #uvaldeschoolshooting #jimcrow racialine‚Ä¶ https://t.co/Hc0tyxai2D"
5/27/2022 0:24,#NDIS appeals are up by 244% from same time last year due to slashed funding. Coalition has appointed RW Liberals t‚Ä¶ https://t.co/5nzdB5cRi4
5/27/2022 0:24,"#Swastikas at #elite #Piedmont #HS: Piedmont High, a relatively small public school in the affluent town, surrounde‚Ä¶ https://t.co/7yhCbeo5HF"
5/27/2022 0:21,"Congratulations @YWCACleveland 2022 Women of Achievement Honorees!

 Learn about the honorees &amp; the #YWCA‚Ä¶ https://t.co/GCt69lmv1j"
5/27/2022 0:20,"RT @a_zionist: Goldsmiths urges student union to ‚Äòreconsider position‚Äô on Hirsh antisemitism probe 

#Antisemitism is OK at @GoldsmithsUoL‚Ä¶"
5/27/2022 0:18,RT @STVASTG: The security guard who died trying to stop the white supremacist who murdered those people at TOPS is named Aaron Salter Jr. B‚Ä¶
5/27/2022 0:18,RT @deAdder: Groundhog Day in America. From a long time ago. #shooting #Buffalo #BuffaloStrong #racism https://t.co/iOwFbu7rV1
5/27/2022 0:17,"RT @KatShirt: As the world turns dark it's easy to follow. To believe this is what we are now. Angry, profane, violent, lying, cheating.‚Ä¶"
5/27/2022 0:15,RT @STVASTG: The security guard who died trying to stop the white supremacist who murdered those people at TOPS is named Aaron Salter Jr. B‚Ä¶
5/27/2022 0:14,RT @STVASTG: The security guard who died trying to stop the white supremacist who murdered those people at TOPS is named Aaron Salter Jr. B‚Ä¶
5/27/2022 0:14,"RT @JeanJacquesDes7: Anti-Haitianism and anti-Blackness in Latino communities explained by a Dominican. Part 1
#Haiti #DominicanRepublic
#L‚Ä¶"
5/27/2022 0:14,RT @STVASTG: The security guard who died trying to stop the white supremacist who murdered those people at TOPS is named Aaron Salter Jr. B‚Ä¶
5/27/2022 0:13,"RT @TravellerRacism: This is the original al @pontins Traveller/Romany surname blacklist, one of which is my own. Racist policies that are‚Ä¶"
5/27/2022 0:12,#DAILYPOP has now twice in a row used #racism on the show. You can‚Äôt say ‚Äúus‚Äù around black people‚Äù? Says who!!! Why‚Ä¶ https://t.co/ZCRbDLn83E
5/27/2022 0:11,RT @STVASTG: The security guard who died trying to stop the white supremacist who murdered those people at TOPS is named Aaron Salter Jr. B‚Ä¶
5/27/2022 0:11,@lew1184 @elizabethbetsyr @Pups4Truth @BentArmPose @oceanfront133 @headrush67 @GreatOhio @GitmoIs @RonDehlin‚Ä¶ https://t.co/AhxwbSsNVj
5/27/2022 0:10,RT @STVASTG: The security guard who died trying to stop the white supremacist who murdered those people at TOPS is named Aaron Salter Jr. B‚Ä¶
5/27/2022 0:09,RT @STVASTG: The security guard who died trying to stop the white supremacist who murdered those people at TOPS is named Aaron Salter Jr. B‚Ä¶
5/27/2022 0:09,"RT @a_zionist: Goldsmiths urges student union to ‚Äòreconsider position‚Äô on Hirsh antisemitism probe 

#Antisemitism is OK at @GoldsmithsUoL‚Ä¶"
5/27/2022 0:08,BTS may not be Asian-American but they certainly have faced racism in America. Why is everyone so mad about  BTS sp‚Ä¶ https://t.co/Vm6z1eugt0
5/27/2022 0:07,"The War on Schools: Nclb, Nation Creation and the Educational Construction of Whiteness
(2007) : Leonardo, Zeus
DOI‚Ä¶ https://t.co/1Hz2AwYuf2"
5/27/2022 0:05,"As the world turns dark it's easy to follow. To believe this is what we are now. Angry, profane, violent, lying, ch‚Ä¶ https://t.co/9MlLg5J725"
5/27/2022 0:03,Watch Live Fri 5/27 @7pm EDT- The Hard Talk with Jakim SHOW on FaceBook Live. Chime In - Enjoy the 2way. We Drop Fr‚Ä¶ https://t.co/v5oA2BvR4A
5/27/2022 0:03,"RT @TravellerRacism: This is the original al @pontins Traveller/Romany surname blacklist, one of which is my own. Racist policies that are‚Ä¶"
5/27/2022 0:02,Automated robot can operate this country as well as the thief's calling politicians. That much full and full of nat‚Ä¶ https://t.co/L61Q1LFVfg
5/27/2022 0:01,@PhillyD basically called @HerschelWalker a baked potato... sounds pretty racist to me. #racism
5/27/2022 0:01,"RT @revolutionairdj: What the fuck is happening in #Canada?

#Swastika is a sacred symbol of the #World's first #religion called ""#Sanatana‚Ä¶"
5/27/2022 0:00,There are many systemic reasons that discrimination occurs.  The only barriers to inclusion are the ones we put in‚Ä¶ https://t.co/5WlKlfDtLS
5/26/2022 23:58,@washingtonpost There were a more than a dozen heavily armed officers right outside the school tasing and throwing‚Ä¶ https://t.co/uaG2veipvT
5/26/2022 23:57,"RT @revolutionairdj: #Swastika is a sacred symbol of #World's first #religion ""#SanatanaDharma"".

If someone waves at you with a SWASTIKA..‚Ä¶"
5/26/2022 23:55,"@fordnation But has Toronto lawyer with an invite arrested becuz he didn't want her there.
#censorship
#racism‚Ä¶ https://t.co/YdIiETWwns"
5/26/2022 23:55,"RT @_daSilvaJR: Are you working on a paper on #InternationalSecurity and #Racism?

@NawalAbu_72 and I are organizing an #ISA2023 Panel. Joi‚Ä¶"
5/26/2022 23:55,"RT @WeRAilurophiles: @izzysick101 @81stinfbde @CNeffect @pergolaman 
Hate,greed,and ignorance mark the bloody road to Armageddon and #RACIS‚Ä¶"
5/26/2022 23:54,What could possibly lead someone as intelligent and successful as @BarackObama to make such an insensitive and unju‚Ä¶ https://t.co/t9p1CqQ1pP
5/26/2022 23:53,RT @AhmedKaballo: London-Based Russian student was denied the opportunity to study at University of West London because of ‚Äúthe recent even‚Ä¶
5/26/2022 23:53,"RT @WeRAilurophiles: @izzysick101 @81stinfbde @CNeffect @pergolaman 
Hate,greed,and ignorance mark the bloody road to Armageddon and #RACIS‚Ä¶"
5/26/2022 23:52,"RT @WeRAilurophiles: @izzysick101 @81stinfbde @CNeffect @pergolaman 
Hate,greed,and ignorance mark the bloody road to Armageddon and #RACIS‚Ä¶"
5/26/2022 23:51,"@izzysick101 @81stinfbde @CNeffect @pergolaman 
Hate,greed,and ignorance mark the bloody road to Armageddon and‚Ä¶ https://t.co/7fNacuAetj"
5/26/2022 23:50,@AngelaMarston The #ToryCorruption got into power again ipso facto. pro-Tory #Bbcbias had a part in that. Shoulda s‚Ä¶ https://t.co/a18BRzTiAp
5/26/2022 23:50,"RT @1Bob_Chamberlin: #FirstNations #Inuit &amp; #Metis people have dealt with Systemic #Racism &amp; silver smooth Govt vitriol for generations

#J‚Ä¶"
5/26/2022 23:49,"RT @TravellerRacism: I was trying to book a function room to celebrate my daughters christening.

I was told on the phone that they don't a‚Ä¶"
5/26/2022 23:47,It‚Äôs still happening!!‚Ä¶#CRT #BLM #BHM ¬† #BlackTableTalk #Antisemitism #LivingWhileBlack #Blacktwitter #Racism‚Ä¶ https://t.co/XFk5cRTPCB
5/26/2022 23:44,RT @ShoreyMichael: This right here is more proof that @BarackObama started the downfall of Americas unity. He takes a tragedy that has abso‚Ä¶
5/26/2022 23:43,"@votevets military needs to #PROTECTOURDEFENDERS, stop #MSA #SH #discrimination #racism  outright MURDER of women by our peers."
5/26/2022 23:42,"#Video orig made Oct 2020 sent 2 #Media Whoopi Goldberg &amp; Pro-#LGBTQ #power 
#Global #powercrisis re #Truth of‚Ä¶ https://t.co/cO5aQ7Kxn2"
5/26/2022 23:42,RT @GatfieldEliza: We are living through the battle for the soul of humanity; with the profound strength of those who believe in Truth and‚Ä¶
5/26/2022 23:42,RT @profamirattaran: I think Canada‚Äôs government needs to list the USA as one of those counties where travel is not recommended.  Too many‚Ä¶
5/26/2022 23:41,@votevets women ALREADY strggl just to exist #discrimination #MSA #SexualHarassment being KILLED by our peers at wo‚Ä¶ https://t.co/mbL64IJuVw
5/26/2022 23:40,We are living through the battle for the soul of humanity; with the profound strength of those who believe in Truth‚Ä¶ https://t.co/nc0nCUpzjc
5/26/2022 23:35,"RT @visionforlife1: Did I experience racism at the grocery story?

#Racism #Grocery #store #Foodstamps https://t.co/DyOGzUBDRY"
5/26/2022 23:35,"Did I experience racism at the grocery story?

#Racism #Grocery #store #Foodstamps https://t.co/DyOGzUBDRY"
5/26/2022 23:34,This right here is more proof that @BarackObama started the downfall of Americas unity. He takes a tragedy that has‚Ä¶ https://t.co/DxUREl1RXO
5/26/2022 23:33,We all know why it took more than an hour for Uvalde police to engage in the scene. #racism #WhiteSupremacy
5/26/2022 23:27,RT @deAdder: Thoughts and prayers.  #shooting #Buffalo #BuffaloStrong #racism https://t.co/3xANJtRYnf
5/26/2022 23:27,@TinTincognito @DeTocqueville14 @Hamilton_350 I wasn't raised by today's #Liberal so it is hard for me to see the‚Ä¶ https://t.co/FqkleOObds
5/26/2022 23:26,"White Supremacy (A Rebuttal) | Christopher Titus | Zero Side Effects https://t.co/tYgjmu4a1m via @YouTube 
#Titus‚Ä¶ https://t.co/0FQXhyIGAL"
5/26/2022 23:25,RT @STVASTG: The security guard who died trying to stop the white supremacist who murdered those people at TOPS is named Aaron Salter Jr. B‚Ä¶
5/26/2022 23:25,"RT @nicolasnicola22: Fading Justice. 6"" X 4"". B&amp;W. Aquatint. Drypoint. Copperplate.#structuralracism  #aboriginal #stolengenerations #indig‚Ä¶"
5/26/2022 23:24,"RT @TravellerRacism: This is the original al @pontins Traveller/Romany surname blacklist, one of which is my own. Racist policies that are‚Ä¶"
5/26/2022 23:24,RT @STVASTG: The security guard who died trying to stop the white supremacist who murdered those people at TOPS is named Aaron Salter Jr. B‚Ä¶
5/26/2022 23:23,RT @SolNataMD: Information fatigue is real. The brain can only handle so much before it becomes numb üëâüèª#Covid #LongCovid #War #RoeVWade #Wo‚Ä¶
5/26/2022 23:21,"Am I the only one hoping the #BoarderPatrol hero who killed #SalvadorRamos isn't #White?
If he is, the‚Ä¶ https://t.co/Ux1QpEMevz"
5/26/2022 23:21,Oops there it is‚Ä¶#racism #UvaldeStrong https://t.co/2Ulb2IJS9e
5/26/2022 23:21,"On this MSN article about White Privilege. AWFUL https://t.co/RlUvK52Kkl
 #WhitePrivilege 
#WhiteSupremacy 
#racism"
5/26/2022 23:20,"RT @tololodj: The burning of the South African flag.

The Lifting of the apartheid flag.

The ANC government has allowed racism to continue‚Ä¶"
5/26/2022 23:19,RT @nikkiwatitdo: @jamalhbryant #America has a DISEASE!!!!ü§® #RACISM !!!
5/26/2022 23:18,"RT @TravellerRacism: This is the original al @pontins Traveller/Romany surname blacklist, one of which is my own. Racist policies that are‚Ä¶"
5/26/2022 23:15,RT @Dnomyarnworb: Black MLB player called himself the new Jackie Robinson. A white  player then in fun referred to him as Jackie. The black‚Ä¶
5/26/2022 23:14,"RT @TudorChick1501: ""If you can convince the lowest white man he's better than the best colored man, he won't notice you're picking his poc‚Ä¶"
5/26/2022 23:12,#FirstNations #Inuit &amp; #Metis people have dealt with Systemic #Racism &amp; silver smooth Govt vitriol for generations‚Ä¶ https://t.co/hgrs8o1FyW
5/26/2022 23:11,@dcexaminer @JoeBiden @JoeBiden is only unpopular because of #Racism... or #Sexism... or #Homophobia... or‚Ä¶ https://t.co/m8FvNrqVsj
5/26/2022 23:09,@stevesilver72 As I said before the cops didn‚Äôt give a flyin rats ass about those little angels cuz they are brown.‚Ä¶ https://t.co/9qkpCQrY0I
5/26/2022 23:06,"Spread this Engenes 
#enhypen #enhypenprotect #toxic #racism https://t.co/H16edwgsMz"
5/26/2022 23:03,"Gun packing Neo-Nazis
And disaffected youth 
Assemble 
On the other side of daylight 
To kill again 
We live hardco‚Ä¶ https://t.co/x9d2rJhZ9K"
5/26/2022 23:02,@richardmarx Those countries aren‚Äôt as #Racist as #TheUSA We have too much #Racism here and #Unequality THE HATE IS REAL
5/26/2022 23:01,"RT @RaymondMollica: @JoshuaPotash @UARFNYC Hey, @NMalliotakis, you have something to say about this? These are YOUR constituents, your vote‚Ä¶"
5/26/2022 23:00,RT @DavidAce13510: #Taylor is not #INDIGENOUS nor does she speak on my behalf!! This is #hate needs to stop! #bullying #AntiWhite #HateCrim‚Ä¶
5/26/2022 23:00,"RT @Crow31Darkness: About time action was taken against Anti-White Racism. 
#itsokaytobewhite #antiwhite #WhitePeople #racism 
#CBC #Canada‚Ä¶"
5/26/2022 23:00,"Q: Why how well laws and orders are made is important?
A: https://t.co/F6Jo29jdHF

#TimeToBeWise
#climate‚Ä¶ https://t.co/5mSnUmcPqV"
5/26/2022 22:59,"RT @RaymondMollica: @JoshuaPotash @UARFNYC Hey, @NMalliotakis, you have something to say about this? These are YOUR constituents, your vote‚Ä¶"
5/26/2022 22:59,"RT @TmplrPatriot: Click to expand. Where's the #media coverage on these? Oh, that's right, they're not #whitepeople! No white supremacy to‚Ä¶"
5/26/2022 22:57,@jamalhbryant #America has a DISEASE!!!!ü§® #RACISM !!!
5/26/2022 22:57,"Largest single day sporting event in the world #Indy500 this Sunday , yet the haters @espn have nothing on their ba‚Ä¶ https://t.co/02oxSD19f1"
5/26/2022 22:54,RT @RacialHealthEq: Check out this blog and video about the special collection of papers from the COVID TaskForce on Racism &amp; Equity that a‚Ä¶
5/26/2022 22:48,"RT @TmplrPatriot: Click to expand. Where's the #media coverage on these? Oh, that's right, they're not #whitepeople! No white supremacy to‚Ä¶"
5/26/2022 22:47,"TRUTH ABOUT KOMAGATA MARU, CANADA

THE IMMIGRATION OFFICERS WHO DENIED ENTRY TO THE SICK SIKHS DID THE RIGHT THING‚Ä¶ https://t.co/C6EH6KHeP2"
5/26/2022 22:46,RT @CanPaedSociety: The I‚Äôm not a racist! I just made a mistake - having difficult conversations with colleagues seminar is about to start‚Ä¶
5/26/2022 22:42,Pointy hats for pointy #racist heads. #BetoHasBalls these asses are #Cowards. #racism #BetoORourke #BetoForGovernor‚Ä¶ https://t.co/DDnNNfi1iN
5/26/2022 22:42,In a surprise to no-one: #ScottMorrison &amp; the #LNP tried to pull a repeat of #JohnHoward's 2001 #ChildrenOverBoard‚Ä¶ https://t.co/lSYOptA70A
5/26/2022 22:37,RT @ENAREurope: Bwalya went to #Lviv to help refugees fleeing üá∫üá¶. After giving up her seat to a Ukrainian mother &amp; her baby in the car that‚Ä¶
5/26/2022 22:33,RT @STVASTG: The security guard who died trying to stop the white supremacist who murdered those people at TOPS is named Aaron Salter Jr. B‚Ä¶
5/26/2022 22:33,RT @STVASTG: The security guard who died trying to stop the white supremacist who murdered those people at TOPS is named Aaron Salter Jr. B‚Ä¶
5/26/2022 22:31,"By 10,000%. Murder, rape, assaults, Pedos and so on. 1962!!! Look it up.

#DemoncRATs goal in life is to‚Ä¶ https://t.co/mZ74pMSWK2"
5/26/2022 22:30,"RT @expendablemudge: Never forget the role of #RacismInTech in the #BuffaloMassacre.
ALGORITHMS OF OPPRESSION details #racism in #BigTech &amp;‚Ä¶"
5/26/2022 22:30,RT @STVASTG: The security guard who died trying to stop the white supremacist who murdered those people at TOPS is named Aaron Salter Jr. B‚Ä¶
5/26/2022 22:30,"RT @Crow31Darkness: About time action was taken against Anti-White Racism. 
#itsokaytobewhite #antiwhite #WhitePeople #racism 
#CBC #Canada‚Ä¶"
5/26/2022 22:30,The inter-faith leaders took a three-day journey to American civil rights landmarks with one goal: discuss the hist‚Ä¶ https://t.co/YputZgKkCu
5/26/2022 22:28,RT @DavidAce13510: #Taylor is not #INDIGENOUS nor does she speak on my behalf!! This is #hate needs to stop! #bullying #AntiWhite #HateCrim‚Ä¶
5/26/2022 22:28,"RT @rauhansotilas2: Trending in Finland today. #Ryss√§ is a derogatory term for Russians in Finland, it's practically the same as the n-word‚Ä¶"
5/26/2022 22:27,RT @STVASTG: The security guard who died trying to stop the white supremacist who murdered those people at TOPS is named Aaron Salter Jr. B‚Ä¶
5/26/2022 22:26,RT @STVASTG: The security guard who died trying to stop the white supremacist who murdered those people at TOPS is named Aaron Salter Jr. B‚Ä¶
5/26/2022 22:25,Hope Has a Dream by Romina Vinci @rominavinciauth  Help Children Say No to Racism https://t.co/OboYuAYfJK‚Ä¶ https://t.co/1Ny2fpPCc5
5/26/2022 22:24,RT @ENAREurope: Bwalya went to #Lviv to help refugees fleeing üá∫üá¶. After giving up her seat to a Ukrainian mother &amp; her baby in the car that‚Ä¶
5/26/2022 22:24,RT @STVASTG: The security guard who died trying to stop the white supremacist who murdered those people at TOPS is named Aaron Salter Jr. B‚Ä¶
5/26/2022 22:22,"RT @TravellerRacism: This is the original al @pontins Traveller/Romany surname blacklist, one of which is my own. Racist policies that are‚Ä¶"
5/26/2022 22:21,RT @STVASTG: The security guard who died trying to stop the white supremacist who murdered those people at TOPS is named Aaron Salter Jr. B‚Ä¶
5/26/2022 22:21,"RT @BeachLFireFord: @fordnation is having a rally in #Hamilton tonight!! He told us all to come!! 
But apparently SOME of us aren‚Äôt allowed‚Ä¶"
5/26/2022 22:21,"We're struggling to understand the extent of #racism in #Tauranga. 
When a the question was asked at last night's m‚Ä¶ https://t.co/EIaPqsgqI4"
5/26/2022 22:20,RT @STVASTG: The security guard who died trying to stop the white supremacist who murdered those people at TOPS is named Aaron Salter Jr. B‚Ä¶
5/26/2022 22:20,"RT @dopeblackdads: We welcome the launch of @BlackEquityOrg, a new Black civil rights group dedicated to dismantling systemic #racism in th‚Ä¶"
5/26/2022 22:20,RT @MorganManzer: Racism is alive and well in the legal profession in Canada. No province or territory is immune. Most racism is covert but‚Ä¶
5/26/2022 22:20,RT @STVASTG: The security guard who died trying to stop the white supremacist who murdered those people at TOPS is named Aaron Salter Jr. B‚Ä¶
5/26/2022 22:19,"RT @VassilisTsarnas: 2009: ""#Plevris` acquittal signals that authorities in Greece fail to take firm action to curb #racism""
https://t.co/C‚Ä¶"
5/26/2022 22:19,"RT @expendablemudge: Never forget the role of #RacismInTech in the #BuffaloMassacre.
ALGORITHMS OF OPPRESSION details #racism in #BigTech &amp;‚Ä¶"
5/26/2022 22:18,"@fordnation is having a rally in #Hamilton tonight!! He told us all to come!! 
But apparently SOME of us aren‚Äôt all‚Ä¶ https://t.co/zY9juZEXNV"
5/26/2022 22:18,"@tonytardio ""Returns to court in December"" WTF?
The dog should be in jail yesterday, and where is the media ""discus‚Ä¶ https://t.co/WSgI2zo9Tk"
5/26/2022 22:18,RT @LucyGoBag: That is half of my primary school. #Racism
5/26/2022 22:17,RT @STVASTG: The security guard who died trying to stop the white supremacist who murdered those people at TOPS is named Aaron Salter Jr. B‚Ä¶
5/26/2022 22:17,"It‚Äôs time for the #USGovernment &amp; other #WesternDemocracies to shut down #4chan, and similar organizing sights for‚Ä¶ https://t.co/YrWG2EznY1"
5/26/2022 22:17,RT @STVASTG: The security guard who died trying to stop the white supremacist who murdered those people at TOPS is named Aaron Salter Jr. B‚Ä¶
5/26/2022 22:17,RT @STVASTG: The security guard who died trying to stop the white supremacist who murdered those people at TOPS is named Aaron Salter Jr. B‚Ä¶
5/26/2022 22:16,RT @STVASTG: The security guard who died trying to stop the white supremacist who murdered those people at TOPS is named Aaron Salter Jr. B‚Ä¶
5/26/2022 22:16,"RT @TudorChick1501: ""If you can convince the lowest white man he's better than the best colored man, he won't notice you're picking his poc‚Ä¶"
5/26/2022 22:15,RT @STVASTG: The security guard who died trying to stop the white supremacist who murdered those people at TOPS is named Aaron Salter Jr. B‚Ä¶
5/26/2022 22:15,@DrTareceJohnson Look at all that respect üôÑ #hypocrisy #Disgraceful #rude #racism #gwinnettisfailingthisiswhy https://t.co/9sqVJpIhwJ
5/26/2022 22:15,@esaagar Well yeah. Every time an ethnic kid causes a problem they have to ‚Äústand down‚Äù thanks to media/propaganda‚Ä¶ https://t.co/fqXXIdUfXY
5/26/2022 22:14,"RT @expendablemudge: Never forget the role of #RacismInTech in the #BuffaloMassacre.
ALGORITHMS OF OPPRESSION details #racism in #BigTech &amp;‚Ä¶"
5/26/2022 22:12,Racism is alive and well in the legal profession in Canada. No province or territory is immune. Most racism is cove‚Ä¶ https://t.co/nB9cFdzrHE
5/26/2022 22:11,#Police have been given too much power if they can stand guard for a shooter to mass kill in an elementary school a‚Ä¶ https://t.co/7MkU1NMaIo
5/26/2022 22:10,"RT @SiljaJATalvi: The #Dutch government will now recognize cases of institutional #racism in taxation, making clear that the impact has bee‚Ä¶"
5/26/2022 22:08,"RT @MCRSociology: The next event from @MUARG1 is:

Conversations on Urban Ageing &amp; Structural Racism

üìÖ 3pm, 7 June 2022 (online)

Atiha Ch‚Ä¶"
5/26/2022 22:07,"RT @TransPrideScot: Follow @bayohjustice @justice4sheku @aameranwar

#blacklivesmatter #blacktranslivesmatter #shekubayohinquiry #shekubayo‚Ä¶"
5/26/2022 22:07,"#Blackpeople we ain't #racist:
Also them:
#NativeAmericans
#BlackLivesMatter #Blm #BlackOwned #BlackOwnedBusiness‚Ä¶ https://t.co/TTymRfoRmg"
5/26/2022 22:07,"RT @sreeja_natesan: .@MacEmerg Virtual Regional Rounds: #DEI in #MedEd: Being an #upstander!

üëÄWe need to be on a lookout for #bias, #micro‚Ä¶"
5/26/2022 22:02,"RT @GedGrebby: Pleasure to meet Sophie and her dad Carl at the @SRTRC_England @ManUtd event this week. 
Sophie had been subject to #racism‚Ä¶"
5/26/2022 22:01,"Bombshell Referral network:
America can you handle the Truth?
Black don‚Äôt crack; don‚Äôt believe it!!

Please follow‚Ä¶ https://t.co/5e6HPFdOky"
5/26/2022 21:58,"RT @TravellerRacism: This is the original al @pontins Traveller/Romany surname blacklist, one of which is my own. Racist policies that are‚Ä¶"
5/26/2022 21:58,"RT @kk131066: #Biden's unity with #GQP that made #racism the norm reaffirmed that #WhiteSupremacy is above the law

Subsequent events confi‚Ä¶"
5/26/2022 21:55,#Racism #Nationalism ‚ÄòQuebec moves to protect French language and restrict use of English‚Äô https://t.co/YhseWK1yHE
5/26/2022 21:54,RT @deAdder: Thoughts and prayers.  #shooting #Buffalo #BuffaloStrong #racism https://t.co/YNGtJekRWB
5/26/2022 21:53,RT @deAdder: Thoughts and prayers.  #shooting #Buffalo #BuffaloStrong #racism https://t.co/3xANJtRYnf
5/26/2022 21:53,"If you're brown or black in England, Canada, America etc and you 'stood with Ukraine' you have to understand this i‚Ä¶ https://t.co/Bz0QU47Crp"
5/26/2022 21:52,RT @arleneqperez: Think it would have been different if it didn‚Äôt involve latino children. Think parents that looked different would have b‚Ä¶
5/26/2022 21:52,"RT @JewishTelegraph: #Manchester, #Leeds, #Scotland and #Liverpool editions' front page 27.05.2022

Leeds Labour councillor who posted anti‚Ä¶"
5/26/2022 21:52,"RT @TravellerRacism: This is the original al @pontins Traveller/Romany surname blacklist, one of which is my own. Racist policies that are‚Ä¶"
5/26/2022 21:51,"RT @TravellerRacism: This is the original al @pontins Traveller/Romany surname blacklist, one of which is my own. Racist policies that are‚Ä¶"
5/26/2022 21:51,"RT @TravellerRacism: This is the original al @pontins Traveller/Romany surname blacklist, one of which is my own. Racist policies that are‚Ä¶"
5/26/2022 21:51,RT @LucyGoBag: That is half of my primary school. #Racism
5/26/2022 21:50,"RT @TravellerRacism: This is the original al @pontins Traveller/Romany surname blacklist, one of which is my own. Racist policies that are‚Ä¶"
5/26/2022 21:49,"RT @TravellerRacism: This is the original al @pontins Traveller/Romany surname blacklist, one of which is my own. Racist policies that are‚Ä¶"
5/26/2022 21:49,"RT @TravellerRacism: This is the original al @pontins Traveller/Romany surname blacklist, one of which is my own. Racist policies that are‚Ä¶"
5/26/2022 21:48,"RT @TravellerRacism: This is the original al @pontins Traveller/Romany surname blacklist, one of which is my own. Racist policies that are‚Ä¶"
5/26/2022 21:47,"RT @TudorChick1501: ""If you can convince the lowest white man he's better than the best colored man, he won't notice you're picking his poc‚Ä¶"
5/26/2022 21:47,RT @Jliffe: @JENGbA @DavidLammy @david_conn @simonisrael @CrimeandJustice #racism is alive and kicking in the courts in Manchester. I witne‚Ä¶
5/26/2022 21:47,"RT @SiljaJATalvi: The #Dutch government will now recognize cases of institutional #racism in taxation, making clear that the impact has bee‚Ä¶"
5/26/2022 21:47,"RT @TudorChick1501: ""If you can convince the lowest white man he's better than the best colored man, he won't notice you're picking his poc‚Ä¶"
5/26/2022 21:46,"RT @JewishTelegraph: #Manchester, #Leeds, #Scotland and #Liverpool editions' front page 27.05.2022

Leeds Labour councillor who posted anti‚Ä¶"
5/26/2022 21:45,"RT @_daSilvaJR: Are you working on a paper on #InternationalSecurity and #Racism?

@NawalAbu_72 and I are organizing an #ISA2023 Panel. Joi‚Ä¶"
5/26/2022 21:44,RT @gareth_hollyman: @mikewhoatv In two phrases ‚Äòwild animal‚Äô &amp; ‚Äògang attack‚Äô Mr Afriyie has conveyed a more powerful message about racism‚Ä¶
5/26/2022 21:44,That is half of my primary school. #Racism https://t.co/uXm1PY3ZfZ
5/26/2022 21:42,"RT @TravellerRacism: This is the original al @pontins Traveller/Romany surname blacklist, one of which is my own. Racist policies that are‚Ä¶"
5/26/2022 21:41,"RT @TravellerRacism: This is the original al @pontins Traveller/Romany surname blacklist, one of which is my own. Racist policies that are‚Ä¶"
5/26/2022 21:40,"RT @_daSilvaJR: Are you working on a paper on #InternationalSecurity and #Racism?

@NawalAbu_72 and I are organizing an #ISA2023 Panel. Joi‚Ä¶"
5/26/2022 21:40,"RT @TravellerRacism: This is the original al @pontins Traveller/Romany surname blacklist, one of which is my own. Racist policies that are‚Ä¶"
5/26/2022 21:40,RT @Jliffe: @JENGbA @DavidLammy @david_conn @simonisrael @CrimeandJustice #racism is alive and kicking in the courts in Manchester. I witne‚Ä¶
5/26/2022 21:40,"RT @_daSilvaJR: Are you working on a paper on #InternationalSecurity and #Racism?

@NawalAbu_72 and I are organizing an #ISA2023 Panel. Joi‚Ä¶"
5/26/2022 21:39,@JENGbA @DavidLammy @david_conn @simonisrael @CrimeandJustice #racism is alive and kicking in the courts in Manches‚Ä¶ https://t.co/ke5BTJbzPi
5/26/2022 21:39,@zoo_bear @instagram @metaindia #Hate and #Racism fuel their #Islamophobia against Indian #Muslim's.
5/26/2022 21:38,"This is the original al @pontins Traveller/Romany surname blacklist, one of which is my own. Racist policies that a‚Ä¶ https://t.co/Ok1ugRJJHB"
5/26/2022 21:38,"Are you working on a paper on #InternationalSecurity and #Racism?

@NawalAbu_72 and I are organizing an #ISA2023 Pa‚Ä¶ https://t.co/CbI8l1PiKS"
5/26/2022 21:37,RT @TheeDavidAlex_x: The world is almost at a tipping point in 7 years it will not have the same face. Human greed and hate will ravage thi‚Ä¶
5/26/2022 21:36,RT @fadergator: Who's doing research on this war on social-emotional learning? Can you help us understand what's behind it? Is it about tea‚Ä¶
5/26/2022 21:35,Who's doing research on this war on social-emotional learning? Can you help us understand what's behind it? Is it a‚Ä¶ https://t.co/jAdYIG7IaM
5/26/2022 21:30,RT @arleneqperez: Think it would have been different if it didn‚Äôt involve latino children. Think parents that looked different would have b‚Ä¶
5/26/2022 21:30,Mf try to fix #racism  with this cookie üòÇ shit look nasty https://t.co/kwaLRKYDGs
5/26/2022 21:29,The huge Confederate flag in Virginia on Rt. 29 still haunts me. https://t.co/Kq7lMkDbfB @MasterpiecePub #America‚Ä¶ https://t.co/IRphwDGmIf
5/26/2022 21:29,"RT @Jingjing_Li: The ""Chinaman"" label. #racism 

Remember the Essex lorry deaths in the UK in 2019? The media immediately jump in to peddle‚Ä¶"
5/26/2022 21:27,"No weapon formed against you shall prosper, God quenches every fiery arrow  your enemies throw at you!

even‚Ä¶ https://t.co/bMilJMXeVq"
5/26/2022 21:26,"Don‚Äôt let #MAGA #Republicans off the hook for enabling #violence #racism #school #shooting 

--if you hit a paywall‚Ä¶ https://t.co/i9xSWK33Ph"
5/26/2022 21:26,"@TheWizardofLawz @gunpolicy As was other legislation across the US, such as the FOID Act in IL, during the civil ri‚Ä¶ https://t.co/WJYfvydJ9Z"
5/26/2022 21:26,Think it would have been different if it didn‚Äôt involve latino children. Think parents that looked different would‚Ä¶ https://t.co/x9Jd7uSNQD
5/26/2022 21:24,"RT @SiljaJATalvi: The #Dutch government will now recognize cases of institutional #racism in taxation, making clear that the impact has bee‚Ä¶"
5/26/2022 21:23,Talk about institutionalized #racism... Can U say institutionalized #antiSemitism?  #Iraq can! https://t.co/rhsj4rNdZC
5/26/2022 21:23,"The #Dutch government will now recognize cases of institutional #racism in taxation, making clear that the impact h‚Ä¶ https://t.co/jr4Fg0SsRI"
5/26/2022 21:20,RT @DiversityMusing: What we think racism looks like in the hiring process... and what it actually looks like. Racism occurs at each decisi‚Ä¶
5/26/2022 21:20,"1/2:#Boehlertin/#EricBoehlert

@maxboot, your #republicanparty was and is a #conservative-#hategroup spewing‚Ä¶ https://t.co/xSC36dtcps"
5/26/2022 21:18,"RT @NVNewsNow: Who we are...and why you should care!
A one minute read that is totally worth much more!

Read Here&gt;&gt; https://t.co/cjEnSXank‚Ä¶"
5/26/2022 21:15,"In response to white supremacist terror, anti-racist whites must generate horror not only at mass shootings, but at‚Ä¶ https://t.co/5QE8wCKZIU"
5/26/2022 21:14,"RT @GSqueri: Malm√∂, Sweden, the exhibition ""Auschwitz. Not so long ago. Not so far away.""
Exhibitions of this kind should be organized all‚Ä¶"
5/26/2022 21:12,"Who we are...and why you should care!
A one minute read that is totally worth much more!

Read Here&gt;&gt;‚Ä¶ https://t.co/WJA2ie8lc5"
5/26/2022 21:11,"RT @mark_melbin: #ScottyfromMarketing's final act:
""Scott Morrison instructed Border Force to reveal election day asylum boat arrival"".

#L‚Ä¶"
5/26/2022 21:10,"RT @UN_SPExperts: üì¢Have your say!

üî¥The #UN Special Rapporteur on #racism wants your inputüî¥

‚ùóÔ∏èSend your submission for her 2022 report on‚Ä¶"
5/26/2022 21:08,"Senate #Republicans block bill requiring agencies to monitor #domesticterrorism
https://t.co/3VbWhMh1SE
#USA‚Ä¶ https://t.co/vSTfdLHL2T"
5/26/2022 21:08,"‚Äîmeanwhile, the white #homegrown terrorist on his latest mission from #FauxNews. (#BlackLivesMatter  #abolishICE #Racism)"
5/26/2022 21:08,"#ScottyfromMarketing's final act:
""Scott Morrison instructed Border Force to reveal election day asylum boat arriva‚Ä¶ https://t.co/GM8mloHL2i"
5/26/2022 21:07,"@PMSimferopol @mfa_russia that is so cool!!!! when i scored %100 on my United States of America, CAHSEE exams, i wa‚Ä¶ https://t.co/KDKFAN0GwF"
5/26/2022 21:07,Washington kindergarteners asked to ‚Äòidentify racist family members‚Äô - #news #racism #racist #crt #school‚Ä¶ https://t.co/3HJunulQ7G
5/26/2022 21:05,I‚Äôd appreciate it if everyone (especially #Black #men &amp; #women) take a look at this video. It illustrates the‚Ä¶ https://t.co/vaayCda33F
5/26/2022 21:03,RT @Copr18th: Shameless @CitImmCanada going to an extent of delaying PR cards to keep families #separated #ImmigrationMatters #Canada #Raci‚Ä¶
5/26/2022 21:00,RT @DiversityMusing: What we think racism looks like in the hiring process... and what it actually looks like. Racism occurs at each decisi‚Ä¶
5/26/2022 21:00,RT @PHenri51: @MayorofLondon ‚Ä¶..Hey #SelfObsessedBoy..talking about condemning #RACISM..Have you UNEQUIVOCALLY CONDEMNED those UBIQUITOUS #‚Ä¶
5/26/2022 20:56,RT @STVASTG: Nothing more needs to be said. Who thinks justice won't be appropriately served for the Kyle Rittenhouse case? What punishment‚Ä¶
5/26/2022 20:55,"RT @GaryRayBetz: ""The angry White populist who paved the way for Trump. George Wallace and Donald Trump sounded remarkably similar themes d‚Ä¶"
5/26/2022 20:55,Tomorrow morning we will be presenting ‚Äòvirtually‚Äô (through a video) our @IJCS_journal paper about #racism in‚Ä¶ https://t.co/NcVheHBLeE
5/26/2022 20:54,The world is almost at a tipping point in 7 years it will not have the same face. Human greed and hate will ravage‚Ä¶ https://t.co/bVxxUz9Omj
5/26/2022 20:54,"Just more facts to fight the fiction.

 #racism #ReplacementTheory 
https://t.co/HQJUUacDKW"
5/26/2022 20:53,RT @DiversityMusing: What we think racism looks like in the hiring process... and what it actually looks like. Racism occurs at each decisi‚Ä¶
5/26/2022 20:53,RT @STVASTG: Nothing more needs to be said. Who thinks justice won't be appropriately served for the Kyle Rittenhouse case? What punishment‚Ä¶
5/26/2022 20:51,What we think racism looks like in the hiring process... and what it actually looks like. Racism occurs at each dec‚Ä¶ https://t.co/dql4zfmfIk
5/26/2022 20:48,"RT @JewishTelegraph: #Manchester, #Leeds, #Scotland and #Liverpool editions' front page 27.05.2022

Leeds Labour councillor who posted anti‚Ä¶"
5/26/2022 20:47,"RT @GaryRayBetz: ""The angry White populist who paved the way for Trump. George Wallace and Donald Trump sounded remarkably similar themes d‚Ä¶"
5/26/2022 20:45,"RT @GaryRayBetz: ""The angry White populist who paved the way for Trump. George Wallace and Donald Trump sounded remarkably similar themes d‚Ä¶"
5/26/2022 20:45,I can understand @KerryNBC trying to get parents to share their thoughts on the police response. What Kerry doesn't‚Ä¶ https://t.co/leAYFWehxF
5/26/2022 20:45,"RT @kk131066: It hurts to realize that you've wasted so much time believing a lie

#UkraineWar the root cause
https://t.co/wANadzc8hW
https‚Ä¶"
5/26/2022 20:43,"""Was it done deliberately to stir up trouble? Or are there just so many diversity hires at the #WashingtonPost that‚Ä¶ https://t.co/SfJa8dOIxV"
5/26/2022 20:43,"RT @expendablemudge: Never forget the role of #RacismInTech in the #BuffaloMassacre.
ALGORITHMS OF OPPRESSION details #racism in #BigTech &amp;‚Ä¶"
5/26/2022 20:43,"RT @TransPrideScot: Follow @bayohjustice @justice4sheku @aameranwar

#blacklivesmatter #blacktranslivesmatter #shekubayohinquiry #shekubayo‚Ä¶"
5/26/2022 20:42,"So now we get a glimpse of why #Uvalde police refused to go into #RobbElementary
 #racism Even though a majority Hi‚Ä¶ https://t.co/ql8Yr5hI3a"
5/26/2022 20:42,#Karl_Marx Hated #Black People - Yet #BLM &amp; #Woke #Hypocrites Won't #Cancel or... https://t.co/D3CXvHCiSM via‚Ä¶ https://t.co/JMFPF83Pbd
5/26/2022 20:41,üìñ- See all the chapters in my IG Account. üíØ üì†. ‚úäüèæ #WhiteWomanTears #CathyBarry #FilterQueen #NeverGoodEnough‚Ä¶ https://t.co/w9zSxph2Uz
5/26/2022 20:36,"RT @JewishTelegraph: #Manchester, #Leeds, #Scotland and #Liverpool editions' front page 27.05.2022

Leeds Labour councillor who posted anti‚Ä¶"
5/26/2022 20:36,"@nwparsons For very long, I've considered #Police a necessary evil.  We have grown familiar with their improprietie‚Ä¶ https://t.co/nbLuLOyXhv"
5/26/2022 20:35,"RT @dsachin727: @dhruv_rathee OH ANTI-INDIA funded pet

Why didn't u posted a thread
On #racism happened with Asian &amp; Africans
When üá∫üá¶ army‚Ä¶"
5/26/2022 20:35,"I was just cleaning up one of my Social Media accounts when I saw that someone called me a ""Liberal White Supremaci‚Ä¶ https://t.co/hcaJ12u36x"
5/26/2022 20:33,"Will you take up Taika's challenge to unteach racism across #Aotearoa? 
The #UnteachRacism website and app are load‚Ä¶ https://t.co/ZLUwDZZ3En"
5/26/2022 20:32,"RT @JahadRahman1: Yes, systemic racism is real and we all need to fight to end it. Report finds racial injustice in maternity care. #equali‚Ä¶"
5/26/2022 20:32,"Yes, systemic racism is real and we all need to fight to end it. Report finds racial injustice in maternity care.‚Ä¶ https://t.co/QyDfVvvIfl"
5/26/2022 20:31,"RT @PHRIresearch: üì¢June 1st, 4-6 pm ET
Anti-#Muslim Sentiment in Healthcare Symposium
hybrid; register online
https://t.co/xk4oz5WWA9
#Isla‚Ä¶"
5/26/2022 20:25,If diminishing the second amendment is on the table can we also discuss the first amendment &amp; it‚Äôs protections of r‚Ä¶ https://t.co/Z3EGVZTyue
5/26/2022 20:23,"RT @TransPrideScot: Follow @bayohjustice @justice4sheku @aameranwar

#blacklivesmatter #blacktranslivesmatter #shekubayohinquiry #shekubayo‚Ä¶"
5/26/2022 20:23,RT @Area72ENT: @a72_genetics @dsleyton @KSTiLLS @untilfreedom @WNEMTV5news @ABC7 @ABC12WJRT @MIAttyGen @GovWhitmer @LtGovGilchrist @wearepu‚Ä¶
5/26/2022 20:19,"RT @TransPrideScot: Follow @bayohjustice @justice4sheku @aameranwar

#blacklivesmatter #blacktranslivesmatter #shekubayohinquiry #shekubayo‚Ä¶"
5/26/2022 20:17,It's been a while but our Zerlina hasn't stopped saying stupid things since she accused #BernieSanders of #racism f‚Ä¶ https://t.co/juU4OLAyMb
5/26/2022 20:17,"@Phil_Free_ @ChrisLynnHedges I love Alice Walker! üëçüåø

#Racism 
#BlackLivesMatter"
5/26/2022 20:15,"RT @CaroleNovielli: Pro-abortion vandals attack a Black congregation. Where is outcry? 

Graffiti included messages like ‚ÄúGirls just want t‚Ä¶"
5/26/2022 20:14,"RT @expendablemudge: Never forget the role of #RacismInTech in the #BuffaloMassacre.
ALGORITHMS OF OPPRESSION details #racism in #BigTech &amp;‚Ä¶"
5/26/2022 20:14,@FIFAcom @FIFAWorldCup #Apartheid #Israeliapartheid #BDS vs #Racism and #Smearers worldwide tactic of the‚Ä¶ https://t.co/ikHSvMlmJa
5/26/2022 20:12,RT @STVASTG: Nothing more needs to be said. Who thinks justice won't be appropriately served for the Kyle Rittenhouse case? What punishment‚Ä¶
5/26/2022 20:11,"RT @VoiceOfIslamUK: #Racism and the rise of the black lives matter movement, in particular the wave of social media posts following the dea‚Ä¶"
5/26/2022 20:06,"RT @CaroleNovielli: Pro-abortion vandals attack a Black congregation. Where is outcry? 

Graffiti included messages like ‚ÄúGirls just want t‚Ä¶"
5/26/2022 20:06,"@happyoye True, but #Casteism is worst form of #racism 

Casteism starts before birth and continues till generation‚Ä¶ https://t.co/FD73v6mULk"
5/26/2022 20:05,RT @SilkyDen: #Islamophobia to #Racism to supporting #Israel on erasure of #Palestine..#TexasSchoolMassacre won't end with #GunControl they‚Ä¶
5/26/2022 20:05,"Pro-abortion vandals attack a Black congregation. Where is outcry? 

Graffiti included messages like ‚ÄúGirls just wa‚Ä¶ https://t.co/JNVjYGHgYX"
5/26/2022 20:05,We need to go beyond the institutional hypocrisy of Reconciliation Week and start addressing the racism in our law‚Ä¶ https://t.co/2XjW2EMzFW
5/26/2022 20:04,"Casual Racism - 10 Signs That Will Shock You - #racial #racism #hate, #h... https://t.co/nXTVwY8svV via @YouTube"
5/26/2022 20:02,RT @taliaabooth: racist guy gets what he deserves #racism #racist #fighting #fights #boyfight #schoolfights #schoolfight #fight #streetfigh‚Ä¶
5/26/2022 20:01,The latest #Uvalde press conference only proved we need #GunControlNow and we need to  #BanAssaultWeapons. If you t‚Ä¶ https://t.co/o2AKEIvV1N
5/26/2022 19:59,A must-read piece from Anna Bawden &amp; @LexyTopping on women of color in the UK dealing with workplace #racism. A rep‚Ä¶ https://t.co/rumnFVKGLF
5/26/2022 19:59,"I just had a meeting with Somali parents from  @MulberryAS
Really disappointing to hear about the negative experien‚Ä¶ https://t.co/N1mZGeBBmA"
5/26/2022 19:58,"This is amazing, he‚Äôs saying the quite part out loud. https://t.co/qzVhKfY9B0 #CRT #CriticalRaceTheory‚Ä¶ https://t.co/CcXpJpqTPR"
5/26/2022 19:57,"RT @AuthorMichael57: 2.99 ""Davy‚Äôs #Dragon #Castle has a lot of depth around the issues of #race and #inclusion and is aimed squarely at an‚Ä¶"
5/26/2022 19:56,"RT @AuthorMichael57: 2.99 ""Davy‚Äôs #Dragon #Castle has a lot of depth around the issues of #race and #inclusion and is aimed squarely at an‚Ä¶"
5/26/2022 19:56,"RT @AuthorMichael57: 2.99 ""Davy‚Äôs #Dragon #Castle has a lot of depth around the issues of #race and #inclusion and is aimed squarely at an‚Ä¶"
5/26/2022 19:56,"RT @AuthorMichael57: 2.99 ""Davy‚Äôs #Dragon #Castle has a lot of depth around the issues of #race and #inclusion and is aimed squarely at an‚Ä¶"
5/26/2022 19:54,"@KelisReign The racism of #90DayFiance fans:
Angela abuses &amp; humiliates Michael for 6 years: Nothing.
Bilal takes c‚Ä¶ https://t.co/MuRDRnq7bT"
5/26/2022 19:54,"If this is legal, the law is racist. #auspol #racism #capitalism https://t.co/YTqzVh6NoQ"
5/26/2022 19:54,"@GeorgeMossey The racism of #90DayFiance fans:
Angela abuses &amp; humiliates Michael for 6 years: Nothing.
Bilal takes‚Ä¶ https://t.co/6aDKRpOHWD"
5/26/2022 19:54,"@Tracy_McMorgan The racism of #90DayFiance fans:
Angela abuses &amp; humiliates Michael for 6 years: Nothing.
Bilal tak‚Ä¶ https://t.co/stGgQ0K6Oi"
5/26/2022 19:54,"@fearless_617 The racism of #90DayFiance fans:
Angela abuses &amp; humiliates Michael for 6 years: Nothing.
Bilal takes‚Ä¶ https://t.co/8qWok2q4LP"
5/26/2022 19:53,"@JosephineCiano @TLC The racism of #90DayFiance fans:
Angela abuses &amp; humiliates Michael for 6 years: Nothing.
Bila‚Ä¶ https://t.co/wfzOvkPWkd"
5/26/2022 19:53,"@TheEruAnne The racism of #90DayFiance fans:
Angela abuses &amp; humiliates Michael for 6 years: Nothing.
Bilal takes c‚Ä¶ https://t.co/UFfk8P0RcR"
5/26/2022 19:53,"@nola_creole The racism of #90DayFiance fans:
Angela abuses &amp; humiliates Michael for 6 years: Nothing.
Bilal takes‚Ä¶ https://t.co/UQDli32vfg"
5/26/2022 19:53,"@Azucarcubanita The racism of #90DayFiance fans:
Angela abuses &amp; humiliates Michael for 6 years: Nothing.
Bilal tak‚Ä¶ https://t.co/F5HlxCprBD"
5/26/2022 19:53,"The #Racism in the ""punishment posting"" of Delhi IAS couple to Ladakh and Arunachal is two fold. One, racialization‚Ä¶ https://t.co/2BwmbveNuf"
5/26/2022 19:53,"RT @Racelessness: How do we move forward? 
@SheenaMasonPhD
 breaks down how we stop racializing ourselves. This is an emotional journey, le‚Ä¶"
5/26/2022 19:52,"On 10 Oct 2012 and on 20 Dec 2017.
Though the courts rejected the accusations, Edeka management insisted on dismiss‚Ä¶ https://t.co/FQV0NeSob4"
5/26/2022 19:52,"@jevoirlefutur The racism of #90DayFiance fans:
Angela abuses &amp; humiliates Michael for 6 years: Nothing.
Bilal take‚Ä¶ https://t.co/lZMjEtQlFD"
5/26/2022 19:52,"RT @Racelessness: How do we move forward? 
@SheenaMasonPhD
 breaks down how we stop racializing ourselves. This is an emotional journey, le‚Ä¶"
5/26/2022 19:52,"@astoldbyshanice The racism of #90DayFiance fans:
Angela abuses &amp; humiliates Michael for 6 years: Nothing.
Bilal ta‚Ä¶ https://t.co/4du0Joi1mL"
5/26/2022 19:52,"@eds_neck The racism of #90DayFiance fans:
Angela abuses &amp; humiliates Michael for 6 years: Nothing.
Bilal takes car‚Ä¶ https://t.co/Xql5nDhMom"
5/26/2022 19:51,"@Talknice2me22 The racism of #90DayFiance fans:
Angela abuses &amp; humiliates Michael for 6 years: Nothing.
Bilal take‚Ä¶ https://t.co/oYrfHJhDXI"
5/26/2022 19:51,"@AshUnapologetic The racism of #90DayFiance fans:
Angela abuses &amp; humiliates Michael for 6 years: Nothing.
Bilal ta‚Ä¶ https://t.co/6YYMFDSq0F"
5/26/2022 19:50,"@FlawLessKid The racism of #90DayFiance fans:
Angela abuses &amp; humiliates Michael for 6 years: Nothing.
Bilal takes‚Ä¶ https://t.co/4xvR6lLTdh"
5/26/2022 19:50,"@realitylivetwe1 The racism of #90DayFiance fans:
Angela abuses &amp; humiliates Michael for 6 years: Nothing.
Bilal ta‚Ä¶ https://t.co/U4JbruQDrO"
5/26/2022 19:50,"@trey_mcarthur The racism of #90DayFiance fans:
Angela abuses &amp; humiliates Michael for 6 years: Nothing.
Bilal take‚Ä¶ https://t.co/jd9p9UJnVG"
5/26/2022 19:48,"Let‚Äôs keep it real here‚Ä¶ they had the proper equipment to go in, they made a decision to not do so, why? 1 fucking‚Ä¶ https://t.co/NSbxBM3vSn"
5/26/2022 19:48,"RT @mrsweary: When I was initially awarded unemployment, my former employer appealed it, however the state sided with me and my former empl‚Ä¶"
5/26/2022 19:47,RT @LarryNeufeldSK: Hate is on the rise in #Canada and we need to take action against it: ‚ÄòThis will emerge again‚Äô: Communities organize to‚Ä¶
5/26/2022 19:46,"RT @a_zionist: Goldsmiths urges student union to ‚Äòreconsider position‚Äô on Hirsh antisemitism probe 

#Antisemitism is OK at @GoldsmithsUoL‚Ä¶"
5/26/2022 19:46,As the fear associated with #racism increases so does #gun ownership.  https://t.co/dRE25tnSUH
5/26/2022 19:45,When are #blacks and the black community going to stop holding up criminals like they are martyrs in the systematic‚Ä¶ https://t.co/Mm46uXt2lL
5/26/2022 19:45,"RT @a_zionist: Goldsmiths urges student union to ‚Äòreconsider position‚Äô on Hirsh antisemitism probe 

#Antisemitism is OK at @GoldsmithsUoL‚Ä¶"
5/26/2022 19:45,"RT @kk131066: It hurts to realize that you've wasted so much time believing a lie

#UkraineWar the root cause
https://t.co/wANadzc8hW
https‚Ä¶"
5/26/2022 19:45,#Racism in Germany is part of everyday life - üá©üá™ first National Discrimination and Racism report has found some sur‚Ä¶ https://t.co/BCbOcTeYHl
5/26/2022 19:43,RT @deepgreendesign: Has @PierrePoilievre denounced the use of gallows symbology and Confederate flag symbology by right wing protestors?‚Ä¶
5/26/2022 19:43,"If black lives matter, why will no witnesses to the #shooting of #Sasha_Johnson https://t.co/zPf2zOYOR5 via‚Ä¶ https://t.co/6Mke2ZsriI"
5/26/2022 19:43,"RT @JewishTelegraph: #Manchester, #Leeds, #Scotland and #Liverpool editions' front page 27.05.2022

Leeds Labour councillor who posted anti‚Ä¶"
5/26/2022 19:42,"‚ÄúNever let a good crisis go to waste‚Äù. 
Geez. So done here. Is this guy is stupid or what?üò≠ü§°

Putting a criminal be‚Ä¶ https://t.co/E4dRU9mfsY"
5/26/2022 19:40,"RT @dbsoaries: Are white religious, business and political leaders ever going to start teaching white people about their racial sins, their‚Ä¶"
5/26/2022 19:39,"@RachelReevesMP Shame Tory Sunak‚Äôs package of help vastly overshadowed anything .@UKLabour had to offer, Rachel?‚Ä¶ https://t.co/tVLjottD6I"
5/26/2022 19:39,"RT @JewishTelegraph: #Manchester, #Leeds, #Scotland and #Liverpool editions' front page 27.05.2022

Leeds Labour councillor who posted anti‚Ä¶"
5/26/2022 19:39,@twelvenot12 @DrTedJ Black GOPers that avoid discussing the impacts of racism in American history risk losing both‚Ä¶ https://t.co/wxzuJQgIEs
5/26/2022 19:38,The #racism of today is #traumatic history that keeps repeating so that the unknown enslaved man killed for some in‚Ä¶ https://t.co/6c8e5JFpvD
5/26/2022 19:36,"@TheAtlantic @Twitter could actually enforce their policies and stop #onlinehate, there are thousands of accounts u‚Ä¶ https://t.co/iqQDM6eAKE"
5/26/2022 19:36,"RT @Racelessness: How do we move forward? 
@SheenaMasonPhD
 breaks down how we stop racializing ourselves. This is an emotional journey, le‚Ä¶"
5/26/2022 19:36,The day I understood racism - via @smedian_network #Racism #WhitePrivilege #BlackAndWhite #Privilege #LifeLessons https://t.co/G1ZMaZuyAC
5/26/2022 19:34,"When I was initially awarded unemployment, my former employer appealed it, however the state sided with me and my f‚Ä¶ https://t.co/s6c5F0cFRZ"
5/26/2022 19:34,‚ÄúEmbrace the discomfort‚Äù Dr. Jos√©e Lavoie advises. Fully explore the discomfort to address where it comes from. Thi‚Ä¶ https://t.co/c55med61rL
5/26/2022 19:33,"RT @MPaige226914: #smhüòßJust when I thought I couldn't be more ashamed that #Texas is part of #USA, I watched this pathetic excuse for a #Pr‚Ä¶"
5/26/2022 19:33,RT @CanPaedSociety: The I‚Äôm not a racist! I just made a mistake - having difficult conversations with colleagues seminar is about to start‚Ä¶
5/26/2022 19:32,"Meanwhile in Canada... 

Buddy's syrup in Delta, BC. 

#SystemicRacism 
#AuntJemima 
#Racism 
#Foodie https://t.co/PNRCgkjShT"
5/26/2022 19:32,"RT @JewishTelegraph: #Manchester, #Leeds, #Scotland and #Liverpool editions' front page 27.05.2022

Leeds Labour councillor who posted anti‚Ä¶"
5/26/2022 19:32,"How do we move forward? 
@SheenaMasonPhD
 breaks down how we stop racializing ourselves. This is an emotional journ‚Ä¶ https://t.co/mm0IBsSCTA"
5/26/2022 19:32,"RT @BRAVENEWEUROPE1: Where there‚Äôs a will, there‚Äôs a way.

Nora Garcia Nieves ‚Äì Europe Is at a Crossroads of Neoliberalism and What People‚Ä¶"
5/26/2022 19:30,"#smhüòßJust when I thought I couldn't be more ashamed that #Texas is part of #USA, I watched this pathetic excuse for‚Ä¶ https://t.co/rOzPLTGTkB"
5/26/2022 19:30,"RT @JewishTelegraph: #Manchester, #Leeds, #Scotland and #Liverpool editions' front page 27.05.2022

Leeds Labour councillor who posted anti‚Ä¶"
5/26/2022 19:29,"#Manchester, #Leeds, #Scotland and #Liverpool editions' front page 27.05.2022

Leeds Labour councillor who posted a‚Ä¶ https://t.co/aCtwFSt8Ib"
5/26/2022 19:29,"RT @mamafrommaine: Source for @PaulLePage2022 saying, ‚Äúthe enemy right now, the overwhelming majority of people coming in are people of col‚Ä¶"
5/26/2022 19:28,"RT @mamafrommaine: In 2016, @PaulLePage2022 said ‚Äúyou shoot at the enemy,‚Äù then proceeded to label POC &amp; people of Hispanic origin as ‚Äúthe‚Ä¶"
5/26/2022 19:28,"RT @mamafrommaine: Source for @PaulLePage2022  saying ‚ÄúGuys by the name D-Money, Smoothy, Shifty [‚Ä¶] come from Connecticut and New York. Th‚Ä¶"
5/26/2022 19:28,"RT @mamafrommaine: @PaulLePage2022 has quite the history of racism, which I will be highlighting in the future.

According to him, he belie‚Ä¶"
5/26/2022 19:27,RT @LarryNeufeldSK: Hate is on the rise in #Canada and we need to take action against it: ‚ÄòThis will emerge again‚Äô: Communities organize to‚Ä¶
5/26/2022 19:25,RT @LarryNeufeldSK: Hate is on the rise in #Canada and we need to take action against it: ‚ÄòThis will emerge again‚Äô: Communities organize to‚Ä¶
5/26/2022 19:23,RT @LarryNeufeldSK: Hate is on the rise in #Canada and we need to take action against it: ‚ÄòThis will emerge again‚Äô: Communities organize to‚Ä¶
5/26/2022 19:21,RT @LarryNeufeldSK: Hate is on the rise in #Canada and we need to take action against it: ‚ÄòThis will emerge again‚Äô: Communities organize to‚Ä¶
5/26/2022 19:21,RT @LarryNeufeldSK: Hate is on the rise in #Canada and we need to take action against it: ‚ÄòThis will emerge again‚Äô: Communities organize to‚Ä¶
5/26/2022 19:21,Yes‚Ä¶ #institutional #racism major factor
5/26/2022 19:20,RT @LarryNeufeldSK: Hate is on the rise in #Canada and we need to take action against it: ‚ÄòThis will emerge again‚Äô: Communities organize to‚Ä¶
5/26/2022 19:19,"RT @PHRIresearch: üì¢June 1st, 4-6 pm ET
Anti-#Muslim Sentiment in Healthcare Symposium
hybrid; register online
https://t.co/xk4oz5WWA9
#Isla‚Ä¶"
5/26/2022 19:18,"RT @PHRIresearch: üì¢June 1st, 4-6 pm ET
Anti-#Muslim Sentiment in Healthcare Symposium
hybrid; register online
https://t.co/xk4oz5WWA9
#Isla‚Ä¶"
5/26/2022 19:18,RT @LarryNeufeldSK: Hate is on the rise in #Canada and we need to take action against it: ‚ÄòThis will emerge again‚Äô: Communities organize to‚Ä¶
5/26/2022 19:17,RT @STVASTG: The security guard who died trying to stop the white supremacist who murdered those people at TOPS is named Aaron Salter Jr. B‚Ä¶
5/26/2022 19:17,RT @LarryNeufeldSK: Hate is on the rise in #Canada and we need to take action against it: ‚ÄòThis will emerge again‚Äô: Communities organize to‚Ä¶
5/26/2022 19:17,"Mr.Handick dislike a delivery driver(African) collaborated with Edeka to fire a driver on 10.Oct. 2012, with false‚Ä¶ https://t.co/5EVixnELhq"
5/26/2022 19:17,RT @STVASTG: The security guard who died trying to stop the white supremacist who murdered those people at TOPS is named Aaron Salter Jr. B‚Ä¶
5/26/2022 19:17,RT @LarryNeufeldSK: Hate is on the rise in #Canada and we need to take action against it: ‚ÄòThis will emerge again‚Äô: Communities organize to‚Ä¶
5/26/2022 19:16,RT @PHenri51: @MayorofLondon ‚Ä¶..Hey #SelfObsessedBoy..talking about condemning #RACISM..Have you UNEQUIVOCALLY CONDEMNED those UBIQUITOUS #‚Ä¶
5/26/2022 19:16,RT @LarryNeufeldSK: Hate is on the rise in #Canada and we need to take action against it: ‚ÄòThis will emerge again‚Äô: Communities organize to‚Ä¶
5/26/2022 19:14,RT @PHenri51: @MayorofLondon ‚Ä¶..Hey #SelfObsessedBoy..talking about condemning #RACISM..Have you UNEQUIVOCALLY CONDEMNED those UBIQUITOUS #‚Ä¶
5/26/2022 19:14,RT @BerniceKing: Understanding #Racism: Part 2 of @TheKingCenter's 3-part #BelovedCommunityTalks #virtual series on the #TripleEvils @Charl‚Ä¶
5/26/2022 19:14,@MayorofLondon ‚Ä¶..Hey #SelfObsessedBoy..talking about condemning #RACISM..Have you UNEQUIVOCALLY CONDEMNED those UB‚Ä¶ https://t.co/4tnvLxPMnW
5/26/2022 19:12,"Malm√∂, Sweden, the exhibition ""Auschwitz. Not so long ago. Not so far away.""
Exhibitions of this kind should be org‚Ä¶ https://t.co/5xG5HQrFxK"
5/26/2022 19:10,"RT @expendablemudge: Never forget the role of #RacismInTech in the #BuffaloMassacre.
ALGORITHMS OF OPPRESSION details #racism in #BigTech &amp;‚Ä¶"
5/26/2022 19:07,"RT @expendablemudge: Never forget the role of #RacismInTech in the #BuffaloMassacre.
ALGORITHMS OF OPPRESSION details #racism in #BigTech &amp;‚Ä¶"
5/26/2022 19:06,We must fight against the evils of racism. We must be willing to speak out against it. Down with systemic racism.‚Ä¶ https://t.co/zBfJQmp48n
5/26/2022 19:05,"Join us Friday for an Early Risers Broadcast Special. Livestream at noon central at https://t.co/xOLUq3glcs

In thi‚Ä¶ https://t.co/yOSlppYTai"
5/26/2022 19:02,"Q: Why how well laws and orders are executed is important?
A: https://t.co/F6Jo29jdHF

#TimeToBeWise
#climate‚Ä¶ https://t.co/CJtOmpJhV6"
5/26/2022 19:01,RT @_M_A_Z_Z_A: @TwitterSupport this acc is using a racist profile name. Play on words. Pls remove this account. #racism he is posting to a‚Ä¶
5/26/2022 19:01,"Free booklet: ""Gregg Braden and the Rise of New Age Scientism (Scientism Critique: Part 3"" (#GreggBraden, #Fascism,‚Ä¶ https://t.co/nqhSG9bMYV"
5/26/2022 19:00,"Two years after Floyd murder, racial trauma permeates US - Mental health experts say the #racism that causes the‚Ä¶ https://t.co/gRy2XgiCPG"
5/26/2022 18:59,"There‚Äôs no #monkeypox outbreak in #Africa. Yet, if all you had to go by were the images initially used to illustrat‚Ä¶ https://t.co/QOXxxGD4Is"
5/26/2022 18:58,RT @_M_A_Z_Z_A: @TwitterSupport this acc is using a racist profile name. Play on words. Pls remove this account. #racism he is posting to a‚Ä¶
5/26/2022 18:58,"RT @PLVerratti: Let's not forget who ginned up #racism in the most non-racist country on earth. Until ""1st elected BLACK US POTUS, @BarackO‚Ä¶"
5/26/2022 18:56,"Let's not forget who ginned up #racism in the most non-racist country on earth. Until ""1st elected BLACK US POTUS,‚Ä¶ https://t.co/L564VUZOsA"
5/26/2022 18:56,RT @eveosh: People find it easier to talk about #sexism rather than talk about #racism
5/26/2022 18:55,"#Racism and the rise of the black lives matter movement, in particular the wave of social media posts following the‚Ä¶ https://t.co/GMjIeG22i5"
5/26/2022 18:54,"RT @StoatlyL: One million impressions in less than 2 days. 

The sexual racism argument is being widely seen.

#TribunalTweets @tribunaltwe‚Ä¶"
5/26/2022 18:53,It‚Äôs always about the #minorities; how the need to speak differently at w... https://t.co/mKyw3aGRCB via @YouTube:‚Ä¶ https://t.co/PE5yo54Eh3
5/26/2022 18:49,"RT @carolmswain: If republicans supported Planned Parenthood, they would be accused of genocide. 

#PlannedParenthood #Racism #Abortion #Ma‚Ä¶"
5/26/2022 18:49,"RT @Neeee0007: @AnfieldWatch @btsportfootball @VirgilvDijk 
Without Salah you and your team wouldn't play CL this season MR #racism 
Ungrat‚Ä¶"
5/26/2022 18:49,"Two years after George Floyds death, police still not wantonly killing black people because of racism...‚Ä¶ https://t.co/CKHV7Lbn6Q"
5/26/2022 18:48,Why is there a rise in hate groups? Why are white people afraid? You tell me. #racism #equality‚Ä¶ https://t.co/stonxnAjon
5/26/2022 18:47,"@AnfieldWatch @btsportfootball @VirgilvDijk 
Without Salah you and your team wouldn't play CL this season MR‚Ä¶ https://t.co/SbpzHhJG2v"
5/26/2022 18:46,@TwitterSupport this acc is using a racist profile name. Play on words. Pls remove this account. #racism he is post‚Ä¶ https://t.co/1SNetAaHHa
5/26/2022 18:46,"RT @MaryLSchmidt: $2.99 #NewRelease Children learn and understand how prosthetics work 
and if it does/does not limit abilities.
https://t.‚Ä¶"
5/26/2022 18:45,"RT @MaryLSchmidt: $2.99 #NewRelease Children learn and understand how prosthetics work 
and if it does/does not limit abilities.
https://t.‚Ä¶"
5/26/2022 18:45,"RT @MaryLSchmidt: ****** Saturday Morning Story Time Live, Episode 69: Davy's Dragon Castle! 
https://t.co/Hc2IlKf7Vp via @YouTube @MaryLSc‚Ä¶"
5/26/2022 18:44,They are part of the problem #fox #FoxNews #racism https://t.co/XfZWJeDMUz
5/26/2022 18:44,Shameless @CitImmCanada going to an extent of delaying PR cards to keep families #separated #ImmigrationMatters #Canada #Racism
5/26/2022 18:42,The I‚Äôm not a racist! I just made a mistake - having difficult conversations with colleagues seminar is about to st‚Ä¶ https://t.co/sOGO7p3X08
5/26/2022 18:41,RT @docrocktex26: Internal Emails Reveal How Stephen Miller Leads an Extremist Network to Push Trump‚Äôs Anti-Immigrant Agenda https://t.co/m‚Ä¶
5/26/2022 18:40,Tell me more about how #Twitter censors #Conservatives .There‚Äôs plenty of this trash on here going back for years.‚Ä¶ https://t.co/DV4qq2K8we
5/26/2022 18:40,"RT @mamafrommaine: In 2016, @PaulLePage2022 said ‚Äúyou shoot at the enemy,‚Äù then proceeded to label POC &amp; people of Hispanic origin as ‚Äúthe‚Ä¶"
5/26/2022 18:39,"RT @mamafrommaine: Source for @PaulLePage2022  saying ‚ÄúGuys by the name D-Money, Smoothy, Shifty [‚Ä¶] come from Connecticut and New York. Th‚Ä¶"
5/26/2022 18:39,"RT @mamafrommaine: @PaulLePage2022 has quite the history of racism, which I will be highlighting in the future.

According to him, he belie‚Ä¶"
5/26/2022 18:38,"RT @mflack66: Hi @lisanandy, you always seem very concerned about racism infiltrating @UKLabour &amp; I share your concerns. Could you please a‚Ä¶"
5/26/2022 18:38,"RT @teddyhose: Finally people are listening to how wide-scale a problem the cult-founded Washington Times has been, pioneering the modern r‚Ä¶"
5/26/2022 18:38,"RT @a_zionist: Goldsmiths urges student union to ‚Äòreconsider position‚Äô on Hirsh antisemitism probe 

#Antisemitism is OK at @GoldsmithsUoL‚Ä¶"
5/26/2022 18:37,RT @mamafrommaine: Source for @PaulLePage2022 saying ‚ÄúLet me tell you something: Black people come up the highway and they kill Mainers.‚Äù‚Ä¶
5/26/2022 18:36,"RT @mflack66: Hi @lisanandy, you always seem very concerned about racism infiltrating @UKLabour &amp; I share your concerns. Could you please a‚Ä¶"
5/26/2022 18:34,"RT @kk131066: https://t.co/vAq0mUvJ7F

Unless politicians are deaf, blind &amp; dumb, ignoring decades of warnings is a provocation https://t.c‚Ä¶"
5/26/2022 18:32,#castersemenya #racism #athletics #sports governed/rule by whites  https://t.co/Nsn75SGRkl
5/26/2022 18:32,"RT @kk131066: As long as #DoubleStandards are the norm, justice &amp; world peace will remain a pipe dream

#UkraineWar the root cause
https://‚Ä¶"
5/26/2022 18:31,"RT @a_zionist: Goldsmiths urges student union to ‚Äòreconsider position‚Äô on Hirsh antisemitism probe 

#Antisemitism is OK at @GoldsmithsUoL‚Ä¶"
5/26/2022 18:30,"RT @mflack66: Hi @lisanandy, you always seem very concerned about racism infiltrating @UKLabour &amp; I share your concerns. Could you please a‚Ä¶"
5/26/2022 18:30,"RT @Health_Affairs: In their new Forefront article, @emmyganos, Bobby Milstein, Jane Erickson, + @hilaryheishman from @RippelHealth + @RWJF‚Ä¶"
5/26/2022 18:28,RT @thejoshuablog: Via @SPLCenter: Alex Jones‚Äô Bitcoin Fairy Drops $8 Million in a Month on Infowars https://t.co/mCwayDevpe | #trump #hate‚Ä¶
5/26/2022 18:28,Via @SPLCenter: Alex Jones‚Äô Bitcoin Fairy Drops $8 Million in a Month on Infowars https://t.co/mCwayDevpe | #trump #hate #Racism
5/26/2022 18:26,"2.99 ""Davy‚Äôs #Dragon #Castle has a lot of depth around the issues of #race and #inclusion and is aimed squarely at‚Ä¶ https://t.co/4ziNPFqkk6"
5/26/2022 18:26,"2.99 ""Davy‚Äôs #Dragon #Castle has a lot of depth around the issues of #race and #inclusion and is aimed squarely at‚Ä¶ https://t.co/XHUqNtRWP9"
5/26/2022 18:26,"2.99 ""Davy‚Äôs #Dragon #Castle has a lot of depth around the issues of #race and #inclusion and is aimed squarely at‚Ä¶ https://t.co/jKLzaBKEfU"
5/26/2022 18:24,"2.99 ""Davy‚Äôs #Dragon #Castle has a lot of depth around the issues of #race and #inclusion and is aimed squarely at‚Ä¶ https://t.co/QcJmeDQLVD"
5/26/2022 18:24,"https://t.co/vAq0mUvJ7F

Unless politicians are deaf, blind &amp; dumb, ignoring decades of warnings is a provocation‚Ä¶ https://t.co/2p4WUzigYk"
5/26/2022 18:24,"RT @a_zionist: Goldsmiths urges student union to ‚Äòreconsider position‚Äô on Hirsh antisemitism probe 

#Antisemitism is OK at @GoldsmithsUoL‚Ä¶"
5/26/2022 18:23,‚ÄúThe appalling #racist and Islamophobic rhetorical attacks to which Mr. Kadri was subjected demonstrate the serious‚Ä¶ https://t.co/L5W96QRDsc
5/26/2022 18:22,"RT @mflack66: Hi @lisanandy, you always seem very concerned about racism infiltrating @UKLabour &amp; I share your concerns. Could you please a‚Ä¶"
5/26/2022 18:22,"RT @TheKingCenter: What is #RACISM? How is it grown and how can we shake its grip? 

Join us for Part 2 of our 3-part #BelovedCommunityTalk‚Ä¶"
5/26/2022 18:22,"RT @mflack66: Hi @lisanandy, you always seem very concerned about racism infiltrating @UKLabour &amp; I share your concerns. Could you please a‚Ä¶"
5/26/2022 18:22,"RT @TheKingCenter: Streaming here TODAY, 6pm ET. 

What is #RACISM? How is it grown and how can we shake its grip? 

Join us as we provide‚Ä¶"
5/26/2022 18:21,I love God; worship almost every day. I am looking fwd to being part of a local church body. I am finding it diffic‚Ä¶ https://t.co/E2ccDLx4ie
5/26/2022 18:18,RT @STVASTG: The security guard who died trying to stop the white supremacist who murdered those people at TOPS is named Aaron Salter Jr. B‚Ä¶
5/26/2022 18:17,"RT @a_zionist: Goldsmiths urges student union to ‚Äòreconsider position‚Äô on Hirsh antisemitism probe 

#Antisemitism is OK at @GoldsmithsUoL‚Ä¶"
5/26/2022 18:17,"Goldsmiths urges student union to ‚Äòreconsider position‚Äô on Hirsh antisemitism probe 

#Antisemitism is OK at‚Ä¶ https://t.co/c4rx0XI9f3"
5/26/2022 18:16,RT @m_zagagana: Family of the white student Theuns du Toit who urinated on black student‚Äôs belongings in Stellenbosch University is accused‚Ä¶
5/26/2022 18:13,RT @ajepyx: DISMISSAL TIME: An Interview with Jay Pastelak (‚ÄúMr. Deacon‚Äù) #DontDismissMe #DismissalTimeStories #antibullying #stopbullying‚Ä¶
5/26/2022 18:12,"RT @LOLJ919: #GOP Persecute #Woke as Hateful for Recognizing #Racism &amp; giving Respect to PPL Discriminated against

GOP Nazi's always Blame‚Ä¶"
5/26/2022 18:12,"üì£ New Podcast! ""Jim Crow All Over Again"" on @Spreaker #550kfyi #agenda #bias #biden #circus #color #commentary‚Ä¶ https://t.co/Xkxms6xNKy"
5/26/2022 18:11,RT @EmetNews: #Biden Administration Continues to Violate the #TaylorForceAct: https://t.co/7VS2hGnKcB #antisemitism #racist #racism #Israel‚Ä¶
5/26/2022 18:11,"RT @IDLIVA: How can anyone, let alone over 50% voters, vote Republican for 1 or 2 things &amp; DGAF about everything else they get from them?ü§î‚Ä¶"
5/26/2022 18:10,".@MacEmerg Virtual Regional Rounds: #DEI in #MedEd: Being an #upstander!

üëÄWe need to be on a lookout for #bias,‚Ä¶ https://t.co/ujtKV2vgH4"
5/26/2022 18:09,Don‚Äôt forget everyone from the @WWEUniverse @WWE that @SashaBanksWWE is a racist she don‚Äôt eat ‚Äòwhite people food‚Äô. #racism #racist
5/26/2022 18:09,"As long as #DoubleStandards are the norm, justice &amp; world peace will remain a pipe dream

#UkraineWar the root caus‚Ä¶ https://t.co/fJCp7uqICj"
5/26/2022 18:09,"RT @JessamyBagenal: Love this @parthaskar üëçvery tangible simple steps to combat #racism in the medical workforce in @bmj_latest 

https://t‚Ä¶"
5/26/2022 18:09,"Every word, a lie! #warcriminal @IntlCrimCourt #ApartheidIsrael #settlercolonialism #Zionism #racism https://t.co/Z9g3pDNcmm"
5/26/2022 18:09,RT @EmetNews: #Biden Administration Continues to Violate the #TaylorForceAct: https://t.co/7VS2hGnKcB #antisemitism #racist #racism #Israel‚Ä¶
5/26/2022 18:08,"RT @SUCCESSCanada: ‚ÄúEducation is central to solving the problem,‚Äù @Queenie Choo and @NicoSlobinsky of @CIJAinfo speak out against rising ra‚Ä¶"
5/26/2022 18:08,"Simple illustration: different colored eggs can ""work together"" to hold up some weight. Seems like we can all work‚Ä¶ https://t.co/pGBuSgC10N"
5/26/2022 17:59,RT @deAdder: Groundhog Day in America. From a long time ago. #shooting #Buffalo #BuffaloStrong #racism https://t.co/iOwFbu7rV1
5/26/2022 17:58,I share my #moviereview of #intheheatofthenight 1967. A movie involving issues of #racism and #localcorruption https://t.co/XgA8c8gO17
5/26/2022 17:57,Racist attacks against hockey player @43_Kadri‚Å© ‚Å¶‚Å©(of #Arab origin) have *no* place in our national sport. This typ‚Ä¶ https://t.co/ZXQUQsMCKE
5/26/2022 17:56,#whitepeople #racism #mindyourownbusiness @ United States of America https://t.co/WJcolqhqvr
5/26/2022 17:55,"RT @expendablemudge: Never forget the role of #RacismInTech in the #BuffaloMassacre.
ALGORITHMS OF OPPRESSION details #racism in #BigTech &amp;‚Ä¶"
5/26/2022 17:55,Nazem Kadri's wife shares racist messages family has received https://t.co/cK1UET6Bj7 via @nypostsports #racism #Islamophobia
5/26/2022 17:55,"When the New York Times picks up your racist tweets:

‚ÄúDid he cross the border illegally?‚Äù Code of Vets, a veterans‚Ä¶ https://t.co/UXxhF9yEcU"
5/26/2022 17:55,RT @STVASTG: Like and retweet if you agree. #racism #hate #hatecrimes https://t.co/tKrRkLYwXb
5/26/2022 17:54,Since white supremacist and ku klux klan account for most if not all of the domestic terrorism in our country‚Ä¶.It s‚Ä¶ https://t.co/WlyhMFl59p
5/26/2022 17:53,RT @deAdder: Thoughts and prayers.  #shooting #Buffalo #BuffaloStrong #racism https://t.co/3xANJtRYnf
5/26/2022 17:50,@Demochas No #racism in the #GOPHypocrisy https://t.co/KECwvyfLEf
5/26/2022 17:50,"In school, I studied English, not Anglo-Saxon words. 

#Racism #CdnPoli #CPCLdr"
5/26/2022 17:48,"The same people who claim that only ""thoughts &amp; prayers"" can be done for #racism, #abuse &amp; #gun violence also suppo‚Ä¶ https://t.co/2Hv2gd97wP"
5/26/2022 17:45,Is there a relation between the increasing of #racism &amp; #hate crimes in @CityofEdmonton and the attackers‚Äô origins?‚Ä¶ https://t.co/HcvrMjOSNL
5/26/2022 17:43,"RT @carolmswain: If republicans supported Planned Parenthood, they would be accused of genocide. 

#PlannedParenthood #Racism #Abortion #Ma‚Ä¶"
5/26/2022 17:43,"Perfect‚Ä¶ law enforcement, the mayor, and every white man on that stage FAILED to protect innocent children in that‚Ä¶ https://t.co/HfmMiKMfKH"
5/26/2022 17:41,RT @STVASTG: Nothing more needs to be said. Who thinks justice won't be appropriately served for the Kyle Rittenhouse case? What punishment‚Ä¶
5/26/2022 17:41,I just published Contemplating My Privilege https://t.co/up4rlxvHSf Yeah it's a real thing.   #racism #WhitePrivilege #men
5/26/2022 17:40,The PoliticsGirl Podcast: The Great Replacement Theory https://t.co/Nrpk1reGZX via @YouTube -‚Ä¶ https://t.co/RCuoGc6Ekd
5/26/2022 17:39,"RT @kk131066: https://t.co/UcmqIuZiAm

Jack Matlock 

1962, translated communications between JFK &amp; Khrushchev 

1987-91, US Ambassador to‚Ä¶"
5/26/2022 17:36,"RT @kk131066: https://t.co/JstrI3NjkY

#Biden: Let's give each other a chance

The World: Let's not

Biden: Why?

The World: #NoJusticeNoPe‚Ä¶"
5/26/2022 17:36,"RT @kk131066: https://t.co/UcmqIuZiAm

#Biden: Let's give each other a chance
The Nation: Let's not
Biden: Why?
The Nation: We know what yo‚Ä¶"
5/26/2022 17:35,"RT @Racelessness: @SheenaMasonPhD discusses @Racelessness, disentangling ourselves from racism, race language, white supremacy, and more! T‚Ä¶"
5/26/2022 17:34,"Disgraceful and cowardly move by @SenateGOP Guess they lack shame for their #Racism ...oh hell, it's clear RACISM!‚Ä¶ https://t.co/Qr9KQ1sajK"
5/26/2022 17:33,I sent an email to my former employer to remove all of my images from their social media because I was CONSISTENTLY‚Ä¶ https://t.co/luVORE63qx
5/26/2022 17:32,"RT @ibrahimhooper: Anti-#racism coalition says attacks on Muslim women increasing
https://t.co/llssTeRefJ
@AddressingNL @HasanHaiNL @SobiaS‚Ä¶"
5/26/2022 17:30,RT @STVASTG: Nothing more needs to be said. Who thinks justice won't be appropriately served for the Kyle Rittenhouse case? What punishment‚Ä¶
5/26/2022 17:30,RT @STVASTG: The security guard who died trying to stop the white supremacist who murdered those people at TOPS is named Aaron Salter Jr. B‚Ä¶
5/26/2022 17:30,Hope Has a Dream by Romina Vinci @rominavinciauth  Help Children Say No to Racism https://t.co/OboYuAGEla‚Ä¶ https://t.co/F5soR34Upg
5/26/2022 17:29,I sent an email to my former employer to remove all of my images from their social media because I was CONSISTENTLY‚Ä¶ https://t.co/cBxCFdHvCQ
5/26/2022 17:29,RT @DrRitaHamad: Happening this week! @UCSF Center for Health Equity &amp; @UCSFFamilyMed are thrilled to be hosting @zinzinator for our webina‚Ä¶
5/26/2022 17:27,"RT @cl_atlanta: Court backs officers in protest assault @Blklivesmatter

#Atlanta #AtlantaNews #PoliceBrutality #Police #Racism

https://t.‚Ä¶"
5/26/2022 17:26,@justintrudeau everything you mentioned in this so cls speech is what you promote. You promote #Division #Hatred‚Ä¶ https://t.co/O5ctITSz3G
5/26/2022 17:26,"RT @kk131066: https://t.co/6L809QMyuS

#Biden: Let's give each other a chance

#Afghanistan: We didn't elect #Taliban. Why did you deny us‚Ä¶"
5/26/2022 17:25,"‚ÄúMy father is an elderly living in LA.‚Äù

Student: ‚ÄúOmg, I heard Asian hate is prevalent in LA! How‚Äôs your dad holdi‚Ä¶ https://t.co/a9473Md5K1"
5/26/2022 17:23,RT @STVASTG: Nothing more needs to be said. Who thinks justice won't be appropriately served for the Kyle Rittenhouse case? What punishment‚Ä¶
5/26/2022 17:22,"Why did #pedestrian deaths hit 40-year high last year (w 7.485 people killed) This piece cites4 reasons:
1. Not eno‚Ä¶ https://t.co/FgUO0jlRep"
5/26/2022 17:22,RT @STVASTG: The security guard who died trying to stop the white supremacist who murdered those people at TOPS is named Aaron Salter Jr. B‚Ä¶
5/26/2022 17:22,"RT @IslamophobiaME: Can't ask women 'to wear, remove hijab' says boxing champ Nikhat Zareen, urges 'peace, harmony', https://t.co/Md28k9vPu‚Ä¶"
5/26/2022 17:22,"RT @LOLJ919: #GOP Persecute #Woke as Hateful for Recognizing #Racism &amp; giving Respect to PPL Discriminated against

GOP Nazi's always Blame‚Ä¶"
5/26/2022 17:21,RT @STVASTG: The security guard who died trying to stop the white supremacist who murdered those people at TOPS is named Aaron Salter Jr. B‚Ä¶
5/26/2022 17:20,RT @STVASTG: The security guard who died trying to stop the white supremacist who murdered those people at TOPS is named Aaron Salter Jr. B‚Ä¶
5/26/2022 17:20,"RT @kk131066: https://t.co/SXCSNmnc4w

#Biden: Let's give each other a chance

BBC News: Why did you deny world peace a chance? https://t.c‚Ä¶"
5/26/2022 17:19,RT @deAdder: Thoughts and prayers.  #shooting #Buffalo #BuffaloStrong #racism https://t.co/3xANJtRYnf
5/26/2022 17:19,"RT @IslamophobiaME: Umar Khalid in prison on the basis of a hearsay witness statement, says his lawyer, https://t.co/whJvnRdeVm, #bigotry #‚Ä¶"
5/26/2022 17:19,RT @STVASTG: The security guard who died trying to stop the white supremacist who murdered those people at TOPS is named Aaron Salter Jr. B‚Ä¶
5/26/2022 17:19,"RT @IslamophobiaME: Can't ask women 'to wear, remove hijab' says boxing champ Nikhat Zareen, urges 'peace, harmony', https://t.co/Md28k9vPu‚Ä¶"
5/26/2022 17:19,"RT @IslamophobiaME: Muslim Petitioners To Be Heard On Thursday, https://t.co/87g4QspWcF, #bigotry #hijab #Hindutva #Islamophobia #racism, #‚Ä¶"
5/26/2022 17:19,RT @deAdder: Thoughts and prayers.  #shooting #Buffalo #BuffaloStrong #racism https://t.co/YNGtJekRWB
5/26/2022 17:18,RT @deAdder: Groundhog Day in America. From a long time ago. #shooting #Buffalo #BuffaloStrong #racism https://t.co/iOwFbu7rV1
5/26/2022 17:17,"#Genesis27v30to42 

For #BLACKS aka #JACOB Who Can't Overstand And Fail To Understand #RACiSM From Our Fraternal Tw‚Ä¶ https://t.co/NmRdGCfLXY"
5/26/2022 17:15,"RT @ChristoffVosloo: @alfred_cabonena The operative word being: ""were"". So 'were' the Afrikaners under the British. The Irish &amp; Scots under‚Ä¶"
5/26/2022 17:15,"Court backs officers in protest assault @Blklivesmatter

#Atlanta #AtlantaNews #PoliceBrutality #Police #Racism

https://t.co/wsAgO4WOty"
5/26/2022 17:14,"@alfred_cabonena The operative word being: ""were"". So 'were' the Afrikaners under the British. The Irish &amp; Scots un‚Ä¶ https://t.co/1qKCSlLdGV"
5/26/2022 17:14,"#GOP Persecute #Woke as Hateful for Recognizing #Racism &amp; giving Respect to PPL Discriminated against

GOP Nazi's a‚Ä¶ https://t.co/svNp0PpowH"
5/26/2022 17:13,"RT @kk131066: https://t.co/rNIpVXHQbh

#Biden: Let's give each other a chance

#Ukraine: Why didn't you give us a chance? Why did you ignor‚Ä¶"
5/26/2022 17:13,"Republican Party
The party of racism, misogyny, hatred, and murder.

Let them form a new government in the Confeder‚Ä¶ https://t.co/8rqPbrqEI9"
5/26/2022 17:12,"‚ÄúEducation is central to solving the problem,‚Äù @Queenie Choo and @NicoSlobinsky of @CIJAinfo speak out against risi‚Ä¶ https://t.co/SQWhiGEZ56"
5/26/2022 17:12,"RT @JulieHFisk: While you‚Äôre at it, ask the same student what #racism looks like in their school. You‚Äôll be shocked by what you hear. In ot‚Ä¶"
5/26/2022 17:11,"White Republicans are responsible for keeping Racism alive.

Change my mind???

#Republicans 
#Racism"
5/26/2022 17:11,"RT @FYIinTO: In Canada, #xenophobia &amp; #racism toward Chinese &amp; other Asian communities have increased since the outbreak of #COVID-19. This‚Ä¶"
5/26/2022 17:04,üíØThe true definition of RacismüíØ #racism #racismstillexist #Buffalo #buffalosupermarket #buffaloshooting‚Ä¶ https://t.co/DVAGIy1XeI
5/26/2022 17:03,"RT @MCRSociology: The next event from @MUARG1 is:

Conversations on Urban Ageing &amp; Structural Racism

üìÖ 3pm, 7 June 2022 (online)

Atiha Ch‚Ä¶"
5/26/2022 17:02,"RT @nafiza_anwar: Racism is very much in the picture @birthrightsorg 

Skin colour is the reference point for good care 

#racism #SayNoToR‚Ä¶"
5/26/2022 17:01,"In Canada, #xenophobia &amp; #racism toward Chinese &amp; other Asian communities have increased since the outbreak of‚Ä¶ https://t.co/6wJj67hiLg"
5/26/2022 17:00,"@SheenaMasonPhD discusses @Racelessness, disentangling ourselves from racism, race language, white supremacy, and m‚Ä¶ https://t.co/2ll2lbixAK"
5/26/2022 17:00,"Despite making up the majority, #Black folks in #Bermuda have to contend with systemic #racism regularly in the wor‚Ä¶ https://t.co/Kay0q7vmkh"
5/26/2022 16:59,"RT @kk131066: https://t.co/9XQoCOUhCT

#Biden: Let's give each other a chance

#WhiteSupremacy: Yessss!!! Let's! It's Party Time!

Politici‚Ä¶"
5/26/2022 16:58,"RT @divadocsbos: 2 yrs ago today #GeorgeFloyd was murdered. 10 days ago was the #BuffaloMassacre  &amp; 1 day ago was the #UvaldeMassacre.

We‚Ä¶"
5/26/2022 16:57,"RT @JuneteenthJF: ‚ÄúIn a racist society it is not enough to be non-racist, we have to be anti-racist.‚Äù - Angela Davis 

#BlackHistorySpeaks‚Ä¶"
5/26/2022 16:56,"Why the expectation that as a black man, I don't deserve it when I have worked hard same as everyone else regardles‚Ä¶ https://t.co/gzm07mx5TB"
5/26/2022 16:54,"RT @kk131066: https://t.co/wBUQ20VU9w

#Biden: GOD, why is my approval rating so low?

GOD: Your ""Let's give each other a chance"" allowed #‚Ä¶"
5/26/2022 16:51,"RT @kk131066: https://t.co/SOXI3MPDVV

#Biden: Let's give each other a chance 

The ICC: Ok. Right after you become part of the ICC

Biden:‚Ä¶"
5/26/2022 16:50,"#racism has a huge impact on individuals who experience it &amp; the trauma can be lifelong, here is a blog from our Di‚Ä¶ https://t.co/Or8EzPciQK"
5/26/2022 16:50,"You know, some days I honestly feel the racism I left in Nova Scotia almost 30 years ago has actually gotten worse.‚Ä¶ https://t.co/DOHpXQBMbh"
5/26/2022 16:48,RT @LarryNeufeldSK: Hate is on the rise in #Canada and we need to take action against it: ‚ÄòThis will emerge again‚Äô: Communities organize to‚Ä¶
5/26/2022 16:47,RT @JudyJudyinTexas: @MaliniBasu_ @wfaa @MSNBC @maddow #SamWellington shouldn‚Äôt be allowed to run for any office in Coppell or anywhere els‚Ä¶
